FIPS,FIVI
01001,0.140852052
01003,0.142950937
01005,0.158574697
01007,0.152437867
01009,0.150370881
01011,0.159857077
01013,0.163257154
01015,0.145997128
01017,0.150968365
01019,0.15633365
01021,0.156943795
01023,0.155627643
01025,0.156450226
01027,0.155210054
01029,0.151068646
01031,0.146015135
01033,0.144687388
01035,0.154003598
01037,0.150560482
01039,0.150535335
01041,0.141680445
01043,0.148420697
01045,0.144344794
01047,0.165187902
01049,0.159606665
01051,0.144660701
01053,0.155575419
01055,0.148336548
01057,0.157542039
01059,0.154048588
01061,0.158874695
01063,0.148673937
01065,0.166288014
01067,0.160172227
01069,0.15150781
01071,0.15307788
01073,0.142917143
01075,0.153894104
01077,0.143219028
01079,0.155735875
01081,0.138969317
01083,0.150050593
01085,0.161560985
01087,0.153008752
01089,0.143192627
01091,0.158416057
01093,0.151344045
01095,0.157509427
01097,0.150226928
01099,0.15082868
01101,0.146203841
01103,0.149181469
01105,0.169824021
01107,0.166033721
01109,0.159197262
01111,0.152823592
01113,0.157334813
01115,0.14688503
01117,0.14219876
01119,0.166575081
01121,0.152304232
01123,0.157300165
01125,0.148639881
01127,0.14972948
01129,0.15455519
01131,0.13607756
01133,0.152246736
02013,0.090866097
02016,0.114193635
02020,0.132097485
02050,0.121433587
02060,0.124249888
02068,0.1033472
02070,0.127257476
02090,0.125898036
02100,0.13233686
02105,0.103529198
02110,0.128108471
02122,0.133869225
02130,0.134722423
02150,0.129751276
02158,0.129819179
02164,0.104677417
02170,0.1314559
02180,0.116295922
02185,0.133573627
02188,0.123760271
02195,0.13779551
02198,0.130322327
02220,0.129928043
02230,0.122145304
02240,0.118343159
02261,0.122486832
02275,0.130518189
02282,0.116183
02290,0.0969038
04001,0.108705955
04003,0.132183781
04005,0.123610131
04007,0.132658422
04009,0.124540202
04011,0.101912934
04012,0.132274479
04013,0.135883592
04015,0.118792467
04017,0.126430627
04019,0.137314472
04021,0.134631081
04023,0.159080145
04025,0.123177473
04027,0.140345646
05001,0.129584407
05003,0.13916842
05005,0.136637458
05007,0.137122098
05009,0.129916359
05011,0.152230961
05013,0.113682141
05015,0.147474425
05017,0.129458869
05019,0.123493102
05021,0.141626547
05023,0.138532192
05025,0.135513833
05027,0.145668752
05029,0.142681664
05031,0.135538616
05033,0.139031219
05035,0.151432459
05037,0.142996735
05039,0.131577037
05041,0.135067318
05043,0.140349106
05045,0.136535596
05047,0.144197733
05049,0.135430529
05051,0.139517948
05053,0.137760851
05055,0.130652291
05057,0.142108429
05059,0.13952443
05061,0.133561884
05063,0.134935455
05065,0.147711236
05067,0.13920058
05069,0.14752565
05071,0.14864697
05073,0.14835049
05075,0.127677485
05077,0.136282648
05079,0.130494586
05081,0.14422179
05083,0.142055095
05085,0.132667903
05087,0.137584956
05089,0.144059219
05091,0.135038065
05093,0.146466472
05095,0.155442126
05097,0.137838766
05099,0.139583705
05101,0.130846542
05103,0.138424342
05105,0.135591868
05107,0.130341666
05109,0.138086937
05111,0.127761651
05113,0.128379217
05115,0.13762372
05117,0.12385031
05119,0.138172202
05121,0.127782418
05123,0.143157238
05125,0.130872536
05127,0.144369942
05129,0.134676594
05131,0.144684922
05133,0.14768304
05135,0.139929012
05137,0.135626136
05139,0.138452695
05141,0.144167794
05143,0.136536225
05145,0.138383635
05147,0.153296511
05149,0.149569921
06001,0.140051546
06003,0.141857119
06005,0.135204025
06007,0.134847681
06009,0.140667097
06011,0.147053618
06013,0.140521175
06015,0.131842605
06017,0.132751817
06019,0.15557447
06021,0.148832724
06023,0.13486914
06025,0.155918567
06027,0.127514822
06029,0.154305044
06031,0.14703425
06033,0.142141496
06035,0.13137145
06037,0.154652992
06039,0.152021526
06041,0.142414372
06043,0.135947084
06045,0.143918506
06047,0.151739361
06049,0.133397705
06051,0.122117828
06053,0.151779522
06055,0.142997268
06057,0.130164721
06059,0.146801153
06061,0.13183616
06063,0.137080766
06065,0.147418149
06067,0.138761007
06069,0.15281705
06071,0.150822441
06073,0.14297378
06075,0.141598253
06077,0.145955349
06079,0.134110542
06081,0.141304908
06083,0.147900633
06085,0.139189708
06087,0.143706501
06089,0.12905236
06091,0.109412481
06093,0.129609227
06095,0.138782104
06097,0.138591558
06099,0.146108685
06101,0.129397408
06103,0.138289433
06105,0.141955806
06107,0.154759441
06109,0.126015363
06111,0.147071468
06113,0.14234465
06115,0.130433486
08001,0.141631621
08003,0.153307469
08005,0.135639805
08007,0.133831812
08009,0.138515784
08011,0.142710805
08013,0.130056841
08014,0.126122752
08015,0.13455569
08017,0.130371169
08019,0.128338088
08021,0.165376696
08023,0.121153441
08025,0.154399606
08027,0.135034299
08029,0.142360564
08031,0.144009619
08033,0.081884046
08035,0.130629331
08037,0.137454865
08039,0.1295201
08041,0.127430367
08043,0.12838818
08045,0.136820851
08047,0.13819619
08049,0.132693324
08051,0.127900107
08053,0.134845588
08055,0.147462913
08057,0.137577566
08059,0.129961483
08061,0.088344605
08063,0.137049373
08065,0.141744874
08067,0.131922686
08069,0.127252244
08071,0.140076178
08073,0.130971162
08075,0.133023459
08077,0.13051126
08079,0.137153013
08081,0.131153007
08083,0.139641103
08085,0.130221242
08087,0.144332241
08089,0.144085212
08091,0.13155808
08093,0.120532078
08095,0.139315728
08097,0.125945901
08099,0.139975977
08101,0.13940428
08103,0.129281477
08105,0.150713916
08107,0.125698451
08109,0.159139181
08111,0.101045811
08113,0.132586001
08115,0.138718193
08117,0.128177507
08119,0.135661725
08121,0.122527577
08123,0.138397078
08125,0.133025077
09001,0.146945818
09003,0.141974196
09005,0.134767256
09007,0.133507979
09009,0.143630527
09011,0.133156155
09013,0.12599956
09015,0.138491786
10001,0.150784116
10003,0.148946611
10005,0.150263322
11001,0.17734926
12001,0.138281
12003,0.131474124
12005,0.133277885
12007,0.151214149
12009,0.132837546
12011,0.152672641
12013,0.143270204
12015,0.128756483
12017,0.135344599
12019,0.135967492
12021,0.142295226
12023,0.144670114
12027,0.154995209
12029,0.15372356
12031,0.13719827
12033,0.131197795
12035,0.130849922
12037,0.152510898
12039,0.154749081
12041,0.146683256
12043,0.11813981
12045,0.142721426
12047,0.146680001
12049,0.141013984
12051,0.149859003
12053,0.131389687
12055,0.141661326
12057,0.143790892
12059,0.140798853
12061,0.132833447
12063,0.149781866
12065,0.1491577
12067,0.157371653
12069,0.135385034
12071,0.136863902
12073,0.13258542
12075,0.147897758
12077,0.141380445
12079,0.151204053
12081,0.140652633
12083,0.139792089
12085,0.138725823
12086,0.16900857
12087,0.142517054
12089,0.135266968
12091,0.129593534
12093,0.127428207
12095,0.14540649
12097,0.150090382
12099,0.148196308
12101,0.13946126
12103,0.140109824
12105,0.137276713
12107,0.144108135
12109,0.13094662
12111,0.135241642
12113,0.127463811
12115,0.136352395
12117,0.136259979
12119,0.142426451
12121,0.142521169
12123,0.138095394
12125,0.138264925
12127,0.134564154
12129,0.141137653
12131,0.14294875
12133,0.128626948
13001,0.15692353
13003,0.161417116
13005,0.159934611
13007,0.136807063
13009,0.152187493
13011,0.152412285
13013,0.145253398
13015,0.134148083
13017,0.151045368
13019,0.149086292
13021,0.158677794
13023,0.155951165
13025,0.156371638
13027,0.163565654
13029,0.139936494
13031,0.151313981
13033,0.162066321
13035,0.154919116
13037,0.163031602
13039,0.133744668
13043,0.163977574
13045,0.140544148
13047,0.133259522
13049,0.154742185
13051,0.145647008
13053,0.102084177
13055,0.14913127
13057,0.139075898
13059,0.137426564
13061,0.111046339
13063,0.142996219
13065,0.170196096
13067,0.139212648
13069,0.158850615
13071,0.158757109
13073,0.140386633
13075,0.15709954
13077,0.140896539
13079,0.161826403
13081,0.167498055
13083,0.146163217
13085,0.146183145
13087,0.164707211
13089,0.148720234
13091,0.159266812
13093,0.164630438
13095,0.145824293
13097,0.140746384
13099,0.168267141
13101,0.168241933
13103,0.1412986
13105,0.14658233
13107,0.148162135
13109,0.169156938
13111,0.152833437
13113,0.140580986
13115,0.145249849
13117,0.142510391
13119,0.154863384
13121,0.147489365
13123,0.153332034
13125,0.120352893
13127,0.146337951
13129,0.14474934
13131,0.155724455
13133,0.165953926
13135,0.144574468
13137,0.145238396
13139,0.147620576
13141,0.159054774
13143,0.149845447
13145,0.149291542
13147,0.150370679
13149,0.151481394
13151,0.142812038
13153,0.14027787
13155,0.15939255
13157,0.147231872
13159,0.146841305
13161,0.160033938
13163,0.164576081
13165,0.17292978
13167,0.161793479
13169,0.148816505
13171,0.155089323
13173,0.164547265
13175,0.157373329
13177,0.1439578
13179,0.126725447
13181,0.154002884
13183,0.152733219
13185,0.147239065
13187,0.148656453
13189,0.155573358
13191,0.161134182
13193,0.159606866
13195,0.153585873
13197,0.164111737
13199,0.163145726
13201,0.15793155
13205,0.158743047
13207,0.15096762
13209,0.152171187
13211,0.144756773
13213,0.147033854
13215,0.147439888
13217,0.145851385
13219,0.136618287
13221,0.149779922
13223,0.138827487
13225,0.156743791
13227,0.148457069
13229,0.150220776
13231,0.14966685
13233,0.154178539
13235,0.16035664
13237,0.157606508
13239,0.147228097
13241,0.157854485
13243,0.151436421
13245,0.145356493
13247,0.145753191
13249,0.153423698
13251,0.157793932
13253,0.164232968
13255,0.152032221
13257,0.150201256
13259,0.168660213
13261,0.156551864
13263,0.156890934
13265,0.118421846
13267,0.164379776
13269,0.162418884
13271,0.162269477
13273,0.167797489
13275,0.141872807
13277,0.159477956
13279,0.156080688
13281,0.149797057
13283,0.1619369
13285,0.151152922
13287,0.170852465
13289,0.171981873
13291,0.152967537
13293,0.144298085
13295,0.138577876
13297,0.145318138
13299,0.143522563
13301,0.173426662
13303,0.153056445
13305,0.142264263
13307,0.160257965
13309,0.155963168
13311,0.132991732
13313,0.149593177
13315,0.166218192
13317,0.151625637
13319,0.155013142
13321,0.156444627
15001,0.135522845
15003,0.129329291
15005,0.130730388
15007,0.125448418
15009,0.130768592
16001,0.128461694
16003,0.136531889
16005,0.129793032
16007,0.128948579
16009,0.12939309
16011,0.137047787
16013,0.13184503
16015,0.111895614
16017,0.129241135
16019,0.131313116
16021,0.132787992
16023,0.126720792
16025,0.073541826
16027,0.133658223
16029,0.123083427
16031,0.130593213
16033,0.080755592
16035,0.127525412
16037,0.119138079
16039,0.124694433
16041,0.13198777
16043,0.141299741
16045,0.12628725
16047,0.147753778
16049,0.121471841
16051,0.129488259
16053,0.136210604
16055,0.127139107
16057,0.126886185
16059,0.121103669
16061,0.122797251
16063,0.09713841
16065,0.124455513
16067,0.142922492
16069,0.131847087
16071,0.129349203
16073,0.137351523
16075,0.131900492
16077,0.144464411
16079,0.134264198
16081,0.137408411
16083,0.137861383
16085,0.123748706
16087,0.136980409
17001,0.138931234
17003,0.152247614
17005,0.143138614
17007,0.145895054
17009,0.132489931
17011,0.134071202
17013,0.137605955
17015,0.136667295
17017,0.147643612
17019,0.140424346
17021,0.140465142
17023,0.140645808
17025,0.141048782
17027,0.136229117
17029,0.140889962
17031,0.156880587
17033,0.141262565
17035,0.125275291
17037,0.130444735
17039,0.142475567
17041,0.141231485
17043,0.140608913
17045,0.126673673
17047,0.133254932
17049,0.134754341
17051,0.132870065
17053,0.135587909
17055,0.142644366
17057,0.137820888
17059,0.119240445
17061,0.13893672
17063,0.134969987
17065,0.142626983
17067,0.127298856
17069,0.149282917
17071,0.142096667
17073,0.139442028
17075,0.136750094
17077,0.142242386
17079,0.138207253
17081,0.141783803
17083,0.138897312
17085,0.133611059
17087,0.129727245
17089,0.151554493
17091,0.14449038
17093,0.141291129
17095,0.140527935
17097,0.145996668
17099,0.141975759
17101,0.140760379
17103,0.141473799
17105,0.142767144
17107,0.130372804
17109,0.140954946
17111,0.137660524
17113,0.131977167
17115,0.142417459
17117,0.139170806
17119,0.131988063
17121,0.136712712
17123,0.135827409
17125,0.131509405
17127,0.145904923
17129,0.143097195
17131,0.130520171
17133,0.1319817
17135,0.136488128
17137,0.132165216
17139,0.14120962
17141,0.138715543
17143,0.141611815
17145,0.135937713
17147,0.137748908
17149,0.13757158
17151,0.142233374
17153,0.152065233
17155,0.138324707
17157,0.142556748
17159,0.144956886
17161,0.143680248
17163,0.139515658
17165,0.132160728
17167,0.143510146
17169,0.131870648
17171,0.140273149
17173,0.131620323
17175,0.13230634
17177,0.146934412
17179,0.127430867
17181,0.145913604
17183,0.145686492
17185,0.143516971
17187,0.145084876
17189,0.134970451
17191,0.133351819
17193,0.128969836
17195,0.13869068
17197,0.141328058
17199,0.140502179
17201,0.142380886
17203,0.135508723
18001,0.146640939
18003,0.135472063
18005,0.130954439
18007,0.143105596
18009,0.143597425
18011,0.139128702
18013,0.146273793
18015,0.142239304
18017,0.148919006
18019,0.139073195
18021,0.145628772
18023,0.148444309
18025,0.145248884
18027,0.143513968
18029,0.132992608
18031,0.133700238
18033,0.130550846
18035,0.139847295
18037,0.137897435
18039,0.139002007
18041,0.137996705
18043,0.1367815
18045,0.136125655
18047,0.136843699
18049,0.13911299
18051,0.140061079
18053,0.141094895
18055,0.140022014
18057,0.131491279
18059,0.129137696
18061,0.141314454
18063,0.133128111
18065,0.141874663
18067,0.138756849
18069,0.132348971
18071,0.138665052
18073,0.139993762
18075,0.137075315
18077,0.14023739
18079,0.131270249
18081,0.13001014
18083,0.136607936
18085,0.136537072
18087,0.144014611
18089,0.144444067
18091,0.136302528
18093,0.138602663
18095,0.141403984
18097,0.143305544
18099,0.142064092
18101,0.144479038
18103,0.138100353
18105,0.136959828
18107,0.13514696
18109,0.13741063
18111,0.138620294
18113,0.143933731
18115,0.121726253
18117,0.140054119
18119,0.143335642
18121,0.142366766
18123,0.134819573
18125,0.13983639
18127,0.134704358
18129,0.134443906
18131,0.142958379
18133,0.138665307
18135,0.139365166
18137,0.142511156
18139,0.143606055
18141,0.138555666
18143,0.147034696
18145,0.138831259
18147,0.1389753
18149,0.146203648
18151,0.135420219
18153,0.144952523
18155,0.148729552
18157,0.13534435
18159,0.135749442
18161,0.128148363
18163,0.144923246
18165,0.135697089
18167,0.132467761
18169,0.137042038
18171,0.138923708
18173,0.132403292
18175,0.142460079
18177,0.140830121
18179,0.136752323
18181,0.139388053
18183,0.13574285
19001,0.135594259
19003,0.137602112
19005,0.139889741
19007,0.137321238
19009,0.134381526
19011,0.131864388
19013,0.125030523
19015,0.130897805
19017,0.130058016
19019,0.132311101
19021,0.141177114
19023,0.117821348
19025,0.137126023
19027,0.134364484
19029,0.128547109
19031,0.1275862
19033,0.130802123
19035,0.132131959
19037,0.130697388
19039,0.139240422
19041,0.133108169
19043,0.134101883
19045,0.133315989
19047,0.137099002
19049,0.133688205
19051,0.134111593
19053,0.141369958
19055,0.133512675
19057,0.13135139
19059,0.129616691
19061,0.128761866
19063,0.132129565
19065,0.137276808
19067,0.135773001
19069,0.138071957
19071,0.112871493
19073,0.134580163
19075,0.129605842
19077,0.131903686
19079,0.130134898
19081,0.130158512
19083,0.134775971
19085,0.130129333
19087,0.125265943
19089,0.123371583
19091,0.13256444
19093,0.136409613
19095,0.128648669
19097,0.130857915
19099,0.130817361
19101,0.131472973
19103,0.132788489
19105,0.129248827
19107,0.12771578
19109,0.119794116
19111,0.131662599
19113,0.132195785
19115,0.1423341
19117,0.134109438
19119,0.130195549
19121,0.130238188
19123,0.129869587
19125,0.129688657
19127,0.13759455
19129,0.134718043
19131,0.128613498
19133,0.13346996
19135,0.128228989
19137,0.131894461
19139,0.136933338
19141,0.126577484
19143,0.135738453
19145,0.12675037
19147,0.127498542
19149,0.134787072
19151,0.134462825
19153,0.135727849
19155,0.125815066
19157,0.128877089
19159,0.140840718
19161,0.1238425
19163,0.137718655
19165,0.1263579
19167,0.135764105
19169,0.119211681
19171,0.134731394
19173,0.141344296
19175,0.132929239
19177,0.113854274
19179,0.120496591
19181,0.130997265
19183,0.134415681
19185,0.124979039
19187,0.131451762
19189,0.129594723
19191,0.127522196
19193,0.135263497
19195,0.133183283
19197,0.141522398
20001,0.116261667
20003,0.124808299
20005,0.130123108
20007,0.13739449
20009,0.131107319
20011,0.133030382
20013,0.1325874
20015,0.126037499
20017,0.092484767
20019,0.122035137
20021,0.135305871
20023,0.137714721
20025,0.102614014
20027,0.125252957
20029,0.12270054
20031,0.121422141
20033,0.131951001
20035,0.124880337
20037,0.122864948
20039,0.128354591
20041,0.13286105
20043,0.111910741
20045,0.126333819
20047,0.137136211
20049,0.092550954
20051,0.125125156
20053,0.123090861
20055,0.143472335
20057,0.146686188
20059,0.112979584
20061,0.118721477
20063,0.118816051
20065,0.127959488
20067,0.152313554
20069,0.118613704
20071,0.101835291
20073,0.118693831
20075,0.101555005
20077,0.129049682
20079,0.130486627
20081,0.102985225
20083,0.121638621
20085,0.128427933
20087,0.133828473
20089,0.129362925
20091,0.126229109
20093,0.111655754
20095,0.124734563
20097,0.09359056
20099,0.13545148
20101,0.134400762
20103,0.12051992
20105,0.122849113
20107,0.135805687
20109,0.123147218
20111,0.131120707
20113,0.121847809
20115,0.122088381
20117,0.129290872
20119,0.117556571
20121,0.132890958
20123,0.127699193
20125,0.133625654
20127,0.12952601
20129,0.130865531
20131,0.124944681
20133,0.137993862
20135,0.128878476
20137,0.124320767
20139,0.129363676
20141,0.12769189
20143,0.125953497
20145,0.13093497
20147,0.12497617
20149,0.133874863
20151,0.128356461
20153,0.126670214
20155,0.128973303
20157,0.126367864
20159,0.132299962
20161,0.104844313
20163,0.128595507
20165,0.13166066
20167,0.127426621
20169,0.13030725
20171,0.133980312
20173,0.131127688
20175,0.157841807
20177,0.128597764
20179,0.130115331
20181,0.101907872
20183,0.124849018
20185,0.133139222
20187,0.145275144
20189,0.143800967
20191,0.127264291
20193,0.123055925
20195,0.12922093
20197,0.115457169
20199,0.101843499
20201,0.113089323
20203,0.10695594
20205,0.1314796
20207,0.130146903
20209,0.137355458
21001,0.154845622
21003,0.15531523
21005,0.137433276
21007,0.14961621
21009,0.151115923
21011,0.158175225
21013,0.152012306
21015,0.135589661
21017,0.143539688
21019,0.140875396
21021,0.135295422
21023,0.154345213
21025,0.156298452
21027,0.14784381
21029,0.134944149
21031,0.146938363
21033,0.149419976
21035,0.147368549
21037,0.136367104
21039,0.152477749
21041,0.136166287
21043,0.154237241
21045,0.162236273
21047,0.140165316
21049,0.148454425
21051,0.164156749
21053,0.159757006
21055,0.155010423
21057,0.15694441
21059,0.144485326
21061,0.152627485
21063,0.158929758
21065,0.154212117
21067,0.139789072
21069,0.154272033
21071,0.160909649
21073,0.139280089
21075,0.166193674
21077,0.139291172
21079,0.152388014
21081,0.143770079
21083,0.153985979
21085,0.138798214
21087,0.145669218
21089,0.138616522
21091,0.142611913
21093,0.135424139
21095,0.151613259
21097,0.149692742
21099,0.150970258
21101,0.147627313
21103,0.150471108
21105,0.162398547
21107,0.140623165
21109,0.161296782
21111,0.1477671
21113,0.142530341
21115,0.146959333
21117,0.137813974
21119,0.163414543
21121,0.157166039
21123,0.152059713
21125,0.151516241
21127,0.149588589
21129,0.171166889
21131,0.159855223
21133,0.162764066
21135,0.162971559
21137,0.142170154
21139,0.143919178
21141,0.14629357
21143,0.146433794
21145,0.141546046
21147,0.165820538
21149,0.149767225
21151,0.133785484
21153,0.157784846
21155,0.154185241
21157,0.145955035
21159,0.165693967
21161,0.146072177
21163,0.138232236
21165,0.160557244
21167,0.139618923
21169,0.16517226
21171,0.160069431
21173,0.144142844
21175,0.147841118
21177,0.149221748
21179,0.143128266
21181,0.153400154
21183,0.144230509
21185,0.133354356
21187,0.147664774
21189,0.173185779
21191,0.149046402
21193,0.16016042
21195,0.160143358
21197,0.160043366
21199,0.146865345
21201,0.114972079
21203,0.157216774
21205,0.148849844
21207,0.155297408
21209,0.134452089
21211,0.145945313
21213,0.141480487
21215,0.125479143
21217,0.143897974
21219,0.155318577
21221,0.144262772
21223,0.147088524
21225,0.143696266
21227,0.14128316
21229,0.142250126
21231,0.151442139
21233,0.152531449
21235,0.152548696
21237,0.161653079
21239,0.133297564
22001,0.162499953
22003,0.14601571
22005,0.147813954
22007,0.151134644
22009,0.155817917
22011,0.139195849
22013,0.154487575
22015,0.147656303
22017,0.153081282
22019,0.14727301
22021,0.163329379
22023,0.15039023
22025,0.158328575
22027,0.164997242
22029,0.149009293
22031,0.155300839
22033,0.151117633
22035,0.163849444
22037,0.158033622
22039,0.148953227
22041,0.162179698
22043,0.148936419
22045,0.156678306
22047,0.165758246
22049,0.153757577
22051,0.158363001
22053,0.159583638
22055,0.152366466
22057,0.148905916
22059,0.153007691
22061,0.142538659
22063,0.148418493
22065,0.175412438
22067,0.155687465
22069,0.151911721
22071,0.162771824
22073,0.152762436
22075,0.145813427
22077,0.157628366
22079,0.144215172
22081,0.163004069
22083,0.160607093
22085,0.14983062
22087,0.145671446
22089,0.140172718
22091,0.171470393
22093,0.152657653
22095,0.153752761
22097,0.164468853
22099,0.162263924
22101,0.144275415
22103,0.147527334
22105,0.15188008
22107,0.163070557
22109,0.14821413
22111,0.154813382
22113,0.158400457
22115,0.127707856
22117,0.164305561
22119,0.145697222
22121,0.157436687
22123,0.155923226
22125,0.142082368
22127,0.148597693
23001,0.137730868
23003,0.136227816
23005,0.129197637
23007,0.143444015
23009,0.135145752
23011,0.13636151
23013,0.131786125
23015,0.138524117
23017,0.143096495
23019,0.134574365
23021,0.142214097
23023,0.133579772
23025,0.139053214
23027,0.138999691
23029,0.142285603
23031,0.131624114
24001,0.137832313
24003,0.145406957
24005,0.148853985
24009,0.142866298
24011,0.156362702
24013,0.142578183
24015,0.146092819
24017,0.150771143
24019,0.155402292
24021,0.145463236
24023,0.149820312
24025,0.146923731
24027,0.14551174
24029,0.155212066
24031,0.149753758
24033,0.15517291
24035,0.145013013
24037,0.144356698
24039,0.15318774
24041,0.15073679
24043,0.145054372
24045,0.145409119
24047,0.144930057
24510,0.169746921
25001,0.138051361
25003,0.143391837
25005,0.150613912
25007,0.14627819
25009,0.153303185
25011,0.143962905
25013,0.160199337
25015,0.135658037
25017,0.145840884
25019,0.146581218
25021,0.145283921
25023,0.147176439
25025,0.167106184
25027,0.145893443
26001,0.149268297
26003,0.129289522
26005,0.145590319
26007,0.146443949
26009,0.146308671
26011,0.134320573
26013,0.141004686
26015,0.142624245
26017,0.141652149
26019,0.12845098
26021,0.142865983
26023,0.147106655
26025,0.144053585
26027,0.1443341
26029,0.14295468
26031,0.14327497
26033,0.139920655
26035,0.154275169
26037,0.133288522
26039,0.14415753
26041,0.137277696
26043,0.131832707
26045,0.134129352
26047,0.135899791
26049,0.142052459
26051,0.15241396
26053,0.146707184
26055,0.135011938
26057,0.133232612
26059,0.145480223
26061,0.139130952
26063,0.13423128
26065,0.135873684
26067,0.144020726
26069,0.13935493
26071,0.145758882
26073,0.140344197
26075,0.136822198
26077,0.13476343
26079,0.146917786
26081,0.139510244
26083,0.13834487
26085,0.154933492
26087,0.142554716
26089,0.142832414
26091,0.139202498
26093,0.133456855
26095,0.145688819
26097,0.13270461
26099,0.142506564
26101,0.143413768
26103,0.13561345
26105,0.146147265
26107,0.138958792
26109,0.129697973
26111,0.133723112
26113,0.146981418
26115,0.137451533
26117,0.144780028
26119,0.149223507
26121,0.134700216
26123,0.15071604
26125,0.136991993
26127,0.154722825
26129,0.151946758
26131,0.135583052
26133,0.143447655
26135,0.153038412
26137,0.140347095
26139,0.130550986
26141,0.138236844
26143,0.141204785
26145,0.142714905
26147,0.131358587
26149,0.143977329
26151,0.14678907
26153,0.137111951
26155,0.135631754
26157,0.144824394
26159,0.151799492
26161,0.134087416
26163,0.15882217
26165,0.143421049
27001,0.130087656
27003,0.132317377
27005,0.12797679
27007,0.141075368
27009,0.131234217
27011,0.126354167
27013,0.117382839
27015,0.130498607
27017,0.130061435
27019,0.13480976
27021,0.14202729
27023,0.1386044
27025,0.135630477
27027,0.1369768
27029,0.125875194
27031,0.129629598
27033,0.124185371
27035,0.138311724
27037,0.133863079
27039,0.135927312
27041,0.12839763
27043,0.136476784
27045,0.138386378
27047,0.129706533
27049,0.131536715
27051,0.122624729
27053,0.137219638
27055,0.131591976
27057,0.135827086
27059,0.135021913
27061,0.134045627
27063,0.133687443
27065,0.139425687
27067,0.138080525
27069,0.11611676
27071,0.121360246
27073,0.134961681
27075,0.132607207
27077,0.129269532
27079,0.136574087
27081,0.13684877
27083,0.133295357
27085,0.129573213
27087,0.139223633
27089,0.117266824
27091,0.126737148
27093,0.129664888
27095,0.140311858
27097,0.128641719
27099,0.140422367
27101,0.135058341
27103,0.126410578
27105,0.142389118
27107,0.131230042
27109,0.136605136
27111,0.13220436
27113,0.13053537
27115,0.140317416
27117,0.132555036
27119,0.131841046
27121,0.132967255
27123,0.139187466
27125,0.099754866
27127,0.124864122
27129,0.130033075
27131,0.135844502
27133,0.133836609
27135,0.126164584
27137,0.12984553
27139,0.136510784
27141,0.128119098
27143,0.138276944
27145,0.133552707
27147,0.136407312
27149,0.133997962
27151,0.130790308
27153,0.129859613
27155,0.127987134
27157,0.135000332
27159,0.125366194
27161,0.131349741
27163,0.128644837
27165,0.148734736
27167,0.132248324
27169,0.134145444
27171,0.134285797
27173,0.131688559
28001,0.154508297
28003,0.14632247
28005,0.154602947
28007,0.147395405
28009,0.138666886
28011,0.140338054
28013,0.155768019
28015,0.134371784
28017,0.159826395
28019,0.158822233
28021,0.162863814
28023,0.155509294
28025,0.149929422
28027,0.158727122
28029,0.155045274
28031,0.165949001
28033,0.138113263
28035,0.147930383
28037,0.143548145
28039,0.146704889
28041,0.150044183
28043,0.151278342
28045,0.135399301
28047,0.137888786
28049,0.149280724
28051,0.138973153
28053,0.161197501
28055,0.128620894
28057,0.142250931
28059,0.140758645
28061,0.158343697
28063,0.158221462
28065,0.161181924
28067,0.153360613
28069,0.132322351
28071,0.128181875
28073,0.143981816
28075,0.147669421
28077,0.150654646
28079,0.157422605
28081,0.141053192
28083,0.141869772
28085,0.14126606
28087,0.151472055
28089,0.144527159
28091,0.141279131
28093,0.154275322
28095,0.151369702
28097,0.15573885
28099,0.158888476
28101,0.151219039
28103,0.159001789
28105,0.142401839
28107,0.147881696
28109,0.148027476
28111,0.157595964
28113,0.162146342
28115,0.148433205
28117,0.150488693
28119,0.150954586
28121,0.133537567
28123,0.157620297
28125,0.152783925
28127,0.155293695
28129,0.147203592
28131,0.14224317
28133,0.139742574
28135,0.142154133
28137,0.136848792
28139,0.145561652
28141,0.148892905
28143,0.154479025
28145,0.140982032
28147,0.164898235
28149,0.151197965
28151,0.148578058
28153,0.16336953
28155,0.149601935
28157,0.160349915
28159,0.154052748
28161,0.157947221
28163,0.146383795
29001,0.138823609
29003,0.138836168
29005,0.13335558
29007,0.143116426
29009,0.147040635
29011,0.134426347
29013,0.144961666
29015,0.150568467
29017,0.135754975
29019,0.131764544
29021,0.141253733
29023,0.146070556
29025,0.13838075
29027,0.135216732
29029,0.142245331
29031,0.134983817
29033,0.142078874
29035,0.124490488
29037,0.131249525
29039,0.145796434
29041,0.142144568
29043,0.130996517
29045,0.137928202
29047,0.132617159
29049,0.138186866
29051,0.132040328
29053,0.136991581
29055,0.150194174
29057,0.147649606
29059,0.14026663
29061,0.138072739
29063,0.127895395
29065,0.143236204
29067,0.138193936
29069,0.149631378
29071,0.138345212
29073,0.143176368
29075,0.142322366
29077,0.136070007
29079,0.134846245
29081,0.132899072
29083,0.131986357
29085,0.147236338
29087,0.099923672
29089,0.13829272
29091,0.140794574
29093,0.1368424
29095,0.141829723
29097,0.137395287
29099,0.131891118
29101,0.131340825
29103,0.140525544
29105,0.136938162
29107,0.138152297
29109,0.145160989
29111,0.126613604
29113,0.141908298
29115,0.130864966
29117,0.140793163
29119,0.155202458
29121,0.135087381
29123,0.142206271
29125,0.141028863
29127,0.137568099
29129,0.093506336
29131,0.145667505
29133,0.1597373
29135,0.140790219
29137,0.138037489
29139,0.144731896
29141,0.153510448
29143,0.155275661
29145,0.141329968
29147,0.108339019
29149,0.146723947
29151,0.133842141
29153,0.123103469
29155,0.157875279
29157,0.139728425
29159,0.143419358
29161,0.138433769
29163,0.135087242
29165,0.130206356
29167,0.145034961
29169,0.123634469
29171,0.134192563
29173,0.138066157
29175,0.14432042
29177,0.13167248
29179,0.130878184
29181,0.142969807
29183,0.132146209
29185,0.146271505
29186,0.134571745
29187,0.140720035
29189,0.137874664
29195,0.136463524
29197,0.106249302
29199,0.146203357
29201,0.140854387
29203,0.150905899
29205,0.122445894
29207,0.145430919
29209,0.146921324
29211,0.139858228
29213,0.127307358
29215,0.15081044
29217,0.131077479
29219,0.142704243
29221,0.145107298
29223,0.138533373
29225,0.146407634
29227,0.141199538
29229,0.149933754
29510,0.161082325
30001,0.127760398
30003,0.130742739
30005,0.128761164
30007,0.130366016
30009,0.126659001
30011,0.099855537
30013,0.129504887
30015,0.100834828
30017,0.115519283
30019,0.125403797
30021,0.122251588
30023,0.143635573
30025,0.123783102
30027,0.12576862
30029,0.134115354
30031,0.126933321
30033,0.123360052
30035,0.148515215
30037,0.096055064
30039,0.130241367
30041,0.124430787
30043,0.134679228
30045,0.110767014
30047,0.150406919
30049,0.127437829
30051,0.117342003
30053,0.138697169
30055,0.126670192
30057,0.12485435
30059,0.095946752
30061,0.122973767
30063,0.131586653
30065,0.136156478
30067,0.122112742
30069,0.102087373
30071,0.130719695
30073,0.119180493
30075,0.118066231
30077,0.12846764
30079,0.095425144
30081,0.139137522
30083,0.124284821
30085,0.126013539
30087,0.138785891
30089,0.121228578
30091,0.122669985
30093,0.139874961
30095,0.130719547
30097,0.127700074
30099,0.123624758
30101,0.123412269
30103,0.089309147
30105,0.126259702
30107,0.088417786
30109,0.095841838
30111,0.132548892
31001,0.126510351
31003,0.128012027
31005,0.082569547
31007,0.090095229
31009,0.085791988
31011,0.126851327
31013,0.123482358
31015,0.093153162
31017,0.132381065
31019,0.123488933
31021,0.136615893
31023,0.126608661
31025,0.127852312
31027,0.128241576
31029,0.121810555
31031,0.11531471
31033,0.124909194
31035,0.120206496
31037,0.143749209
31039,0.131490173
31041,0.114337696
31043,0.141868007
31045,0.124975395
31047,0.133285059
31049,0.12885799
31051,0.122499912
31053,0.126914827
31055,0.136926541
31057,0.127766363
31059,0.125702115
31061,0.120585332
31063,0.095673004
31065,0.125608334
31067,0.124716128
31069,0.104366769
31071,0.13302526
31073,0.108385057
31075,0.078564986
31077,0.092394135
31079,0.132509132
31081,0.126204837
31083,0.134503103
31085,0.103750702
31087,0.084448872
31089,0.123375566
31091,0.124563531
31093,0.124376968
31095,0.128352116
31097,0.129675667
31099,0.130591429
31101,0.131287457
31103,0.090748304
31105,0.134736808
31107,0.132162503
31109,0.128486753
31111,0.127884236
31113,0.127781144
31115,0.103960549
31117,0.109425062
31119,0.129457986
31121,0.121272615
31123,0.118151327
31125,0.118188166
31127,0.133395075
31129,0.121146593
31131,0.131619082
31133,0.133003876
31135,0.124123386
31137,0.127739911
31139,0.112614093
31141,0.13124475
31143,0.130766797
31145,0.120064214
31147,0.12404291
31149,0.125011446
31151,0.132179134
31153,0.126139044
31155,0.125612945
31157,0.146648484
31159,0.126311425
31161,0.125898533
31163,0.103020241
31165,0.11076805
31167,0.114622722
31169,0.126130219
31171,0.1048437
31173,0.147800939
31175,0.127144387
31177,0.128424282
31179,0.129835827
31181,0.12094669
31183,0.096177097
31185,0.127589731
32001,0.133777659
32003,0.149030509
32005,0.124273946
32007,0.136341
32009,0.092880543
32011,0.113381835
32013,0.141449644
32015,0.142119378
32017,0.100834088
32019,0.136703222
32021,0.114711288
32023,0.125709005
32027,0.141784344
32029,0.137676335
32031,0.138641511
32033,0.129587837
32510,0.142130266
33001,0.140467149
33003,0.146796322
33005,0.140437635
33007,0.139736869
33009,0.137860362
33011,0.136779408
33013,0.136774253
33015,0.135289162
33017,0.137563783
33019,0.142309635
34001,0.147841021
34003,0.147948236
34005,0.138924922
34007,0.152170671
34009,0.137137186
34011,0.152430267
34013,0.161266313
34015,0.138247642
34017,0.164077675
34019,0.14357311
34021,0.151071631
34023,0.144704702
34025,0.145053948
34027,0.143268264
34029,0.142320595
34031,0.166905225
34033,0.15004111
34035,0.145096583
34037,0.136942595
34039,0.159067406
34041,0.139981738
35001,0.138627968
35003,0.087640556
35005,0.13887736
35006,0.132569121
35007,0.122306122
35009,0.12814364
35011,0.147201187
35013,0.137192697
35015,0.128272208
35017,0.132939603
35019,0.142474843
35021,0.090021497
35023,0.139669068
35025,0.141330714
35027,0.130078809
35028,0.116304703
35029,0.138375363
35031,0.113807336
35033,0.158208034
35035,0.124565841
35037,0.142380211
35039,0.140561057
35041,0.132225728
35043,0.126569107
35045,0.123255667
35047,0.136807254
35049,0.135229619
35051,0.1276601
35053,0.13592109
35055,0.134399782
35057,0.128878833
35059,0.129011452
35061,0.1259447
36001,0.140214741
36003,0.147990941
36005,0.179011768
36007,0.146631368
36009,0.149500147
36011,0.145552446
36013,0.148581293
36015,0.143372146
36017,0.148274565
36019,0.135210258
36021,0.143556989
36023,0.142790801
36025,0.153873745
36027,0.14532565
36029,0.145097903
36031,0.143399128
36033,0.143170323
36035,0.147022314
36037,0.145011506
36039,0.143268696
36041,0.131034716
36043,0.141284226
36045,0.13748771
36047,0.161331345
36049,0.138130144
36051,0.140390902
36053,0.144602409
36055,0.145930855
36057,0.148129484
36059,0.156099971
36061,0.166725295
36063,0.145184048
36065,0.146568143
36067,0.145112825
36069,0.138828875
36071,0.15256221
36073,0.146431871
36075,0.145116557
36077,0.137087902
36079,0.144269506
36081,0.155415057
36083,0.141715966
36085,0.163340799
36087,0.159302037
36089,0.142763413
36091,0.1362693
36093,0.145064388
36095,0.140768555
36097,0.146285395
36099,0.143450899
36101,0.143501792
36103,0.152466313
36105,0.151675486
36107,0.145152123
36109,0.137837723
36111,0.143922616
36113,0.140516472
36115,0.142722876
36117,0.14354032
36119,0.157806462
36121,0.138516244
36123,0.152427715
37001,0.141319183
37003,0.144987678
37005,0.154249639
37007,0.159712251
37009,0.146476364
37011,0.153219819
37013,0.15491372
37015,0.162756595
37017,0.16301159
37019,0.141831637
37021,0.135531992
37023,0.132263289
37025,0.139333039
37027,0.127552634
37029,0.138867058
37031,0.137161957
37033,0.15273483
37035,0.137691747
37037,0.150601479
37039,0.149322267
37041,0.1434978
37043,0.148439589
37045,0.145132202
37047,0.163412495
37049,0.13819216
37051,0.137297364
37053,0.141921922
37055,0.132320878
37057,0.142392152
37059,0.142816908
37061,0.166976342
37063,0.143722845
37065,0.156976142
37067,0.139783012
37069,0.153135472
37071,0.137522356
37073,0.150413307
37075,0.148280722
37077,0.146225493
37079,0.164237129
37081,0.141756589
37083,0.15426684
37085,0.146906683
37087,0.140765807
37089,0.138097189
37091,0.161154628
37093,0.147095825
37095,0.113261017
37097,0.139019571
37099,0.136332581
37101,0.148775971
37103,0.161047446
37105,0.15107767
37107,0.157428073
37109,0.140546603
37111,0.150335603
37113,0.146921499
37115,0.141130135
37117,0.15971469
37119,0.142761639
37121,0.138044878
37123,0.158306183
37125,0.141362958
37127,0.149405038
37129,0.138371051
37131,0.157166329
37133,0.130561954
37135,0.132361867
37137,0.153953402
37139,0.141430343
37141,0.145949832
37143,0.153627411
37145,0.147771913
37147,0.151953888
37149,0.148366204
37151,0.140295313
37153,0.157336206
37155,0.165970832
37157,0.139251342
37159,0.14118838
37161,0.141694567
37163,0.161905047
37165,0.15710246
37167,0.143650962
37169,0.138119566
37171,0.149042142
37173,0.151859603
37175,0.145456464
37177,0.157745054
37179,0.141945949
37181,0.161835929
37183,0.137554476
37185,0.162044922
37187,0.152981913
37189,0.143967755
37191,0.146869154
37193,0.150657918
37195,0.156820403
37197,0.148831696
37199,0.14853693
38001,0.135424857
38003,0.135679779
38005,0.151831406
38007,0.114768868
38009,0.132025401
38011,0.137089471
38013,0.10964632
38015,0.135645364
38017,0.136028423
38019,0.135843563
38021,0.139333032
38023,0.141077031
38025,0.131871136
38027,0.132597966
38029,0.128184812
38031,0.135337822
38033,0.103999289
38035,0.132461165
38037,0.135827579
38039,0.134944489
38041,0.115454144
38043,0.116488926
38045,0.136331033
38047,0.131996158
38049,0.120227626
38051,0.138911273
38053,0.128658003
38055,0.126221807
38057,0.136495847
38059,0.135828758
38061,0.148769072
38063,0.113707133
38065,0.1227515
38067,0.132217302
38069,0.139198759
38071,0.142880077
38073,0.134634662
38075,0.129546565
38077,0.132639627
38079,0.168294052
38081,0.137203036
38083,0.127978523
38085,0.149871466
38087,0.121361895
38089,0.138470975
38091,0.119847938
38093,0.132924985
38095,0.138215453
38097,0.138626392
38099,0.143467322
38101,0.126144521
38103,0.13454421
38105,0.141066714
39001,0.149785828
39003,0.142607653
39005,0.140266848
39007,0.138139796
39009,0.135361993
39011,0.137891454
39013,0.138889257
39015,0.144105136
39017,0.13688515
39019,0.141932602
39021,0.140872803
39023,0.134324253
39025,0.132161812
39027,0.133141011
39029,0.138754986
39031,0.138586454
39033,0.133726327
39035,0.148418059
39037,0.137650108
39039,0.138978015
39041,0.135871748
39043,0.13228648
39045,0.136075761
39047,0.144613121
39049,0.141344489
39051,0.136188728
39053,0.147138021
39055,0.137100535
39057,0.133583578
39059,0.14303327
39061,0.142159759
39063,0.133992079
39065,0.14108196
39067,0.144990675
39069,0.13606569
39071,0.146766526
39073,0.138574549
39075,0.140988063
39077,0.139458161
39079,0.145801214
39081,0.137782471
39083,0.136939207
39085,0.131673748
39087,0.146636483
39089,0.136533765
39091,0.140049725
39093,0.138216282
39095,0.145415675
39097,0.130064364
39099,0.139484972
39101,0.126812171
39103,0.133339826
39105,0.142803273
39107,0.136894283
39109,0.135600098
39111,0.140996998
39113,0.139032259
39115,0.146484116
39117,0.145391495
39119,0.13599112
39121,0.126015258
39123,0.135093495
39125,0.137763882
39127,0.143144147
39129,0.141517861
39131,0.144865028
39133,0.131561125
39135,0.140849739
39137,0.134813452
39139,0.132508184
39141,0.14410076
39143,0.141834953
39145,0.145957452
39147,0.135011562
39149,0.133302041
39151,0.136729081
39153,0.136683804
39155,0.139485231
39157,0.132699569
39159,0.131934188
39161,0.134573279
39163,0.124766918
39165,0.130795785
39167,0.142029679
39169,0.136435568
39171,0.134606171
39173,0.129335012
39175,0.13693047
40001,0.161924399
40003,0.117061053
40005,0.129094359
40007,0.133345854
40009,0.14134204
40011,0.13276453
40013,0.139976465
40015,0.13743378
40017,0.132330871
40019,0.145221892
40021,0.144707997
40023,0.127210506
40025,0.138566087
40027,0.133197507
40029,0.138563644
40031,0.13155059
40033,0.111215058
40035,0.143245095
40037,0.139464943
40039,0.131803679
40041,0.145383203
40043,0.100836818
40045,0.101509462
40047,0.13989163
40049,0.140140009
40051,0.138298489
40053,0.112846987
40055,0.145952032
40057,0.159442702
40059,0.12237715
40061,0.133280151
40063,0.141225704
40065,0.140137851
40067,0.139780234
40069,0.133247704
40071,0.131984065
40073,0.144389753
40075,0.125837577
40077,0.139208111
40079,0.14538215
40081,0.142940999
40083,0.139108983
40085,0.141692269
40087,0.137625325
40089,0.144894394
40091,0.149580507
40093,0.136230269
40095,0.14029219
40097,0.144769692
40099,0.14199411
40101,0.147325099
40103,0.129265945
40105,0.139441576
40107,0.143263551
40109,0.141725342
40111,0.138781707
40113,0.135001733
40115,0.142325501
40117,0.147243431
40119,0.133137708
40121,0.131992779
40123,0.137266984
40125,0.137487045
40127,0.130297484
40129,0.124310616
40131,0.135890573
40133,0.14875124
40135,0.150325447
40137,0.139593793
40139,0.141542958
40141,0.142120058
40143,0.134522613
40145,0.134209915
40147,0.130310926
40149,0.128900359
40151,0.130345601
40153,0.134665541
41001,0.122082256
41003,0.132248499
41005,0.136513117
41007,0.137209523
41009,0.136153684
41011,0.143968214
41013,0.134929843
41015,0.141047586
41017,0.133622983
41019,0.131872852
41021,0.122122413
41023,0.124411947
41025,0.126356004
41027,0.149744762
41029,0.139804767
41031,0.14407188
41033,0.140953675
41035,0.133209727
41037,0.117685748
41039,0.135956482
41041,0.140612607
41043,0.131990497
41045,0.152932962
41047,0.146507028
41049,0.139158508
41051,0.141972665
41053,0.130362444
41055,0.102925712
41057,0.141230265
41059,0.138899511
41061,0.133663563
41063,0.129880605
41065,0.127931245
41067,0.138349003
41069,0.10498666
41071,0.138422936
42001,0.141962474
42003,0.137665824
42005,0.142658413
42007,0.13151658
42009,0.142310036
42011,0.150554534
42013,0.136948226
42015,0.14216229
42017,0.138375462
42019,0.136867009
42021,0.138028242
42023,0.139340814
42025,0.144913214
42027,0.134765595
42029,0.139089857
42031,0.141803644
42033,0.142579513
42035,0.138999241
42037,0.140783724
42039,0.142529609
42041,0.135773583
42043,0.141748145
42045,0.148475467
42047,0.137861983
42049,0.141687214
42051,0.144179888
42053,0.153598782
42055,0.137312567
42057,0.140194464
42059,0.138747222
42061,0.145888815
42063,0.137776475
42065,0.144081431
42067,0.135174337
42069,0.144994789
42071,0.139732554
42073,0.134580725
42075,0.1426529
42077,0.149922277
42079,0.148237776
42081,0.137004791
42083,0.150323412
42085,0.141750405
42087,0.14721708
42089,0.143847095
42091,0.139800127
42093,0.140975345
42095,0.143851942
42097,0.14456359
42099,0.137723552
42101,0.169883015
42103,0.147676186
42105,0.141012222
42107,0.143334808
42109,0.142119002
42111,0.138751094
42113,0.135070743
42115,0.146585969
42117,0.139618332
42119,0.126645015
42121,0.145474107
42123,0.142892893
42125,0.134225753
42127,0.147147988
42129,0.133732432
42131,0.146866515
42133,0.141071577
44001,0.128140187
44003,0.141111562
44005,0.137254831
44007,0.153677783
44009,0.131191354
45001,0.161596044
45003,0.152084633
45005,0.169984638
45007,0.146622405
45009,0.158330807
45011,0.17109657
45013,0.144562361
45015,0.146831191
45017,0.170289498
45019,0.152342785
45021,0.154875517
45023,0.153203233
45025,0.162068257
45027,0.171237593
45029,0.157447556
45031,0.159751599
45033,0.166945487
45035,0.148425326
45037,0.160718418
45039,0.163147308
45041,0.153521254
45043,0.15917385
45045,0.140336209
45047,0.159370082
45049,0.15859302
45051,0.153050288
45053,0.169827239
45055,0.150492741
45057,0.143963362
45059,0.15211475
45061,0.175082455
45063,0.14722289
45065,0.165867533
45067,0.168184633
45069,0.16435425
45071,0.151680048
45073,0.149961939
45075,0.168483669
45077,0.137938393
45079,0.146415552
45081,0.162291598
45083,0.143712099
45085,0.154646114
45087,0.160343591
45089,0.171859262
45091,0.14395445
46003,0.107027195
46005,0.127071039
46007,0.088710398
46009,0.13285968
46011,0.10900108
46013,0.123159539
46015,0.121729634
46017,0.145112881
46019,0.132899722
46021,0.099511355
46023,0.151242385
46025,0.11946457
46027,0.122365528
46029,0.11967613
46031,0.099112176
46033,0.129506802
46035,0.125933075
46037,0.114172614
46039,0.100072369
46041,0.131062467
46043,0.099836652
46045,0.115653306
46047,0.122636544
46049,0.113536884
46051,0.127608705
46053,0.126397468
46055,0.115089987
46057,0.093850722
46059,0.116317811
46061,0.126547691
46063,0.089040738
46065,0.127546906
46067,0.13273119
46069,0.109738561
46071,0.110858909
46073,0.098398238
46075,0.099543104
46077,0.116383607
46079,0.128996663
46081,0.126319306
46083,0.129023125
46085,0.103394363
46087,0.12011162
46089,0.108313167
46091,0.116115875
46093,0.12515656
46095,0.099616613
46097,0.121509654
46099,0.127511825
46101,0.098604875
46102,0.134033288
46103,0.129229665
46105,0.115838128
46107,0.09578697
46109,0.135071444
46111,0.101878201
46115,0.119334534
46117,0.127470303
46119,0.111258097
46121,0.160937753
46123,0.132810047
46125,0.134110038
46127,0.128025814
46129,0.124741407
46135,0.123138286
46137,0.140534774
47001,0.142073919
47003,0.148291887
47005,0.150510754
47007,0.161216963
47009,0.1358056
47011,0.13811132
47013,0.146551686
47015,0.150578655
47017,0.14956299
47019,0.131741933
47021,0.148370699
47023,0.145720974
47025,0.147263237
47027,0.162055637
47029,0.149249888
47031,0.145164404
47033,0.158634173
47035,0.142482447
47037,0.146981716
47039,0.150840104
47041,0.153430633
47043,0.146723683
47045,0.138383823
47047,0.157364738
47049,0.159260907
47051,0.145614492
47053,0.148044078
47055,0.149038798
47057,0.154072931
47059,0.148890486
47061,0.15684528
47063,0.136145688
47065,0.136544218
47067,0.162112111
47069,0.139328168
47071,0.147818671
47073,0.145404147
47075,0.155941555
47077,0.145692432
47079,0.146828751
47081,0.148860313
47083,0.151518356
47085,0.147583427
47087,0.15760289
47089,0.148865691
47091,0.151397248
47093,0.137714277
47095,0.167056476
47097,0.153348179
47099,0.150909557
47101,0.149726997
47103,0.146124634
47105,0.138055922
47107,0.149730484
47109,0.152505937
47111,0.15545367
47113,0.14832207
47115,0.150616915
47117,0.140670592
47119,0.142187862
47121,0.157028108
47123,0.155113349
47125,0.134518615
47127,0.135407639
47129,0.146612061
47131,0.150066057
47133,0.154252507
47135,0.144737764
47137,0.150996324
47139,0.15359171
47141,0.142367133
47143,0.148483357
47145,0.144244442
47147,0.148064838
47149,0.137435612
47151,0.152289963
47153,0.158756292
47155,0.146149031
47157,0.152267253
47159,0.15231582
47161,0.148135305
47163,0.139205311
47165,0.139854159
47167,0.145893269
47169,0.140792114
47171,0.14637449
47173,0.155838638
47175,0.155541182
47177,0.157533737
47179,0.141307571
47181,0.146704194
47183,0.14303765
47185,0.148138819
47187,0.145090959
47189,0.143267714
48001,0.119441951
48003,0.133343707
48005,0.12970193
48007,0.126329527
48009,0.121916012
48011,0.106518743
48013,0.146850478
48015,0.13585015
48017,0.153924931
48019,0.123054058
48021,0.13221679
48023,0.135926203
48025,0.142105465
48027,0.12003729
48029,0.140695608
48031,0.136389701
48033,0.104006021
48035,0.134729999
48037,0.128651744
48039,0.130106698
48041,0.121812509
48043,0.129635792
48045,0.088067769
48047,0.168781824
48049,0.121612473
48051,0.136214509
48053,0.121792406
48055,0.140299967
48057,0.132877603
48059,0.124765913
48061,0.159754495
48063,0.137274471
48065,0.121561405
48067,0.132100609
48069,0.151637676
48071,0.133528291
48073,0.131871059
48075,0.117450416
48077,0.110809707
48079,0.161633333
48081,0.093642896
48083,0.131330473
48085,0.123883453
48087,0.143798039
48089,0.136830694
48091,0.128499729
48093,0.133732054
48095,0.145369091
48097,0.13373562
48099,0.111273376
48101,0.091909094
48103,0.142805831
48105,0.150625252
48107,0.156692525
48109,0.163743472
48111,0.117345705
48113,0.137563514
48115,0.141871382
48117,0.147384475
48119,0.131469487
48121,0.124339934
48123,0.142147992
48125,0.138933679
48127,0.15634414
48129,0.131240809
48131,0.149975867
48133,0.125965094
48135,0.140357111
48137,0.156719264
48139,0.127308629
48141,0.155605384
48143,0.117000708
48145,0.144987887
48147,0.119946118
48149,0.130245999
48151,0.134012939
48153,0.160179313
48155,0.088343468
48157,0.126433572
48159,0.134956362
48161,0.130507529
48163,0.165999485
48165,0.146789547
48167,0.131705537
48169,0.149150702
48171,0.132683679
48173,0.119574233
48175,0.136656964
48177,0.142595533
48179,0.134097004
48181,0.122646294
48183,0.125870469
48185,0.126557359
48187,0.126077366
48189,0.141169829
48191,0.140707299
48193,0.128518732
48195,0.105440113
48197,0.129460162
48199,0.119405621
48201,0.140268389
48203,0.130111432
48205,0.118315877
48207,0.134835246
48209,0.131890652
48211,0.135360079
48213,0.124537744
48215,0.151692359
48217,0.135543665
48219,0.12840629
48221,0.122333269
48223,0.128684627
48225,0.11503661
48227,0.126103004
48229,0.085559078
48231,0.132824152
48233,0.125386681
48235,0.100029475
48237,0.114595219
48239,0.135540859
48241,0.129197026
48243,0.154354495
48245,0.135268207
48247,0.159901641
48249,0.157432265
48251,0.125812451
48253,0.130251144
48255,0.142923267
48257,0.131405037
48259,0.131963046
48261,0.079215007
48263,0.089962044
48265,0.126668102
48267,0.135050149
48269,0.10143506
48271,0.156795246
48273,0.143851932
48275,0.124620384
48277,0.124146292
48279,0.152238983
48281,0.126009304
48283,0.129955406
48285,0.132126288
48287,0.138489813
48289,0.134463377
48291,0.131616561
48293,0.134615829
48295,0.10510441
48297,0.143898606
48299,0.123816648
48301,0.071147935
48303,0.132334322
48305,0.136311901
48307,0.128223511
48309,0.117856564
48311,0.103347807
48313,0.12424482
48315,0.138148426
48317,0.143382945
48319,0.134761814
48321,0.129834751
48323,0.149612912
48325,0.143493597
48327,0.144828738
48329,0.134797857
48331,0.133969266
48333,0.129222645
48335,0.138667096
48337,0.126927163
48339,0.128588292
48341,0.128760773
48343,0.136794527
48345,0.12968044
48347,0.128116806
48349,0.132006783
48351,0.12452982
48353,0.137521227
48355,0.140452974
48357,0.144837306
48359,0.102600812
48361,0.122165984
48363,0.125859482
48365,0.127060465
48367,0.12246323
48369,0.129854675
48371,0.149557326
48373,0.127818813
48375,0.134520793
48377,0.118042028
48379,0.132693493
48381,0.124552043
48383,0.151449167
48385,0.093394691
48387,0.11640199
48389,0.152648571
48391,0.141530419
48393,0.109780938
48395,0.130347834
48397,0.127537032
48399,0.131404977
48401,0.12788876
48403,0.128176324
48405,0.145083288
48407,0.13752664
48409,0.143438787
48411,0.132571455
48413,0.145056605
48415,0.132595494
48417,0.125986229
48419,0.137603961
48421,0.134968071
48423,0.132225779
48425,0.13603396
48427,0.143146708
48429,0.130195439
48431,0.089373723
48433,0.135849049
48435,0.147574393
48437,0.142285944
48439,0.130155306
48441,0.123366467
48443,0.116536515
48445,0.135499329
48447,0.10467641
48449,0.140471938
48451,0.121476234
48453,0.127358912
48455,0.143012267
48457,0.113880857
48459,0.127914272
48461,0.136953747
48463,0.143708649
48465,0.144811399
48467,0.128692959
48469,0.136649621
48471,0.124705302
48473,0.132427995
48475,0.144597808
48477,0.132789157
48479,0.167677437
48481,0.142678824
48483,0.13298187
48485,0.122553642
48487,0.126584848
48489,0.168854079
48491,0.118908163
48493,0.141575414
48495,0.153722611
48497,0.131546477
48499,0.131254036
48501,0.146016229
48503,0.123200681
48505,0.150335733
48507,0.15527145
49001,0.126709894
49003,0.12218728
49005,0.116114553
49007,0.122543469
49009,0.105199475
49011,0.119861749
49013,0.122278147
49015,0.130004632
49017,0.101614479
49019,0.122829639
49021,0.115435061
49023,0.110845264
49025,0.119580222
49027,0.119233761
49029,0.127274969
49031,0.087171147
49033,0.088102306
49035,0.130978921
49037,0.116006178
49039,0.127481033
49041,0.131246558
49043,0.126695392
49045,0.121107855
49047,0.125124829
49049,0.118423354
49051,0.129107734
49053,0.119695232
49055,0.116956816
49057,0.127752094
50001,0.136308073
50003,0.139679575
50005,0.142285097
50007,0.131858883
50009,0.13265026
50011,0.142604063
50013,0.14276258
50015,0.140905112
50017,0.138108091
50019,0.139235673
50021,0.137081844
50023,0.134496866
50025,0.137114283
50027,0.137791538
51001,0.159671361
51003,0.139757218
51005,0.147008662
51007,0.144138828
51009,0.145460451
51011,0.152512411
51013,0.146880697
51015,0.140519445
51017,0.138184988
51019,0.143864711
51021,0.134610659
51023,0.133785112
51025,0.161399532
51027,0.150978708
51029,0.151751426
51031,0.145793778
51033,0.148543451
51035,0.149724807
51036,0.159743143
51037,0.140309047
51041,0.139628519
51043,0.147490392
51045,0.149406651
51047,0.151020778
51049,0.130704674
51051,0.147480513
51053,0.145657175
51057,0.146435424
51059,0.148265766
51061,0.147963566
51063,0.139289116
51065,0.142676298
51067,0.145347009
51069,0.142994379
51071,0.145236466
51073,0.14402919
51075,0.14749984
51077,0.144859135
51079,0.149466791
51081,0.160569439
51083,0.144668401
51085,0.140237956
51087,0.145247332
51089,0.15110661
51091,0.116081501
51093,0.147597857
51095,0.13869613
51097,0.15281556
51099,0.12319993
51101,0.140630853
51103,0.157986284
51105,0.161362516
51107,0.148803002
51109,0.149795266
51111,0.159124455
51113,0.150472969
51115,0.151565789
51117,0.153910632
51119,0.158769106
51121,0.139469252
51125,0.151659429
51127,0.146370608
51131,0.163834738
51133,0.157323834
51135,0.122321151
51137,0.140859248
51139,0.147081729
51141,0.148049951
51143,0.147414728
51145,0.143957186
51147,0.145331794
51149,0.136005963
51153,0.152747696
51155,0.141948297
51157,0.123919171
51159,0.16068732
51161,0.1395294
51163,0.142144151
51165,0.137698066
51167,0.152735482
51169,0.149884013
51171,0.144496192
51173,0.146641311
51175,0.139488922
51177,0.145508752
51179,0.146681953
51181,0.146493031
51183,0.14161299
51185,0.141569269
51187,0.145242667
51191,0.146586883
51193,0.162088542
51195,0.15121778
51197,0.148317704
51199,0.138009741
51510,0.135964206
51520,0.140762883
51530,0.089154424
51540,0.149411559
51550,0.143223941
51570,0.14871806
51580,0.139452449
51590,0.161441467
51595,0.17283948
51600,0.150548056
51610,0.115408095
51620,0.133513533
51630,0.149587995
51640,0.163503573
51650,0.145898976
51660,0.150843883
51670,0.150246726
51678,0.145022614
51680,0.142913509
51683,0.159796473
51685,0.151130849
51690,0.152827042
51700,0.14787258
51710,0.148944717
51720,0.155791442
51730,0.144807096
51735,0.138917479
51740,0.156958758
51750,0.140683406
51760,0.160588065
51770,0.151748293
51775,0.129911768
51790,0.147785276
51800,0.148480895
51810,0.142742501
51820,0.147329606
51830,0.14480838
51840,0.150106645
53001,0.158568834
53003,0.137716999
53005,0.139114281
53007,0.142716008
53009,0.133342104
53011,0.13308272
53013,0.136218175
53015,0.133709985
53017,0.13194075
53019,0.118232588
53021,0.151544336
53023,0.097710041
53025,0.142849877
53027,0.133500711
53029,0.126163731
53031,0.133222114
53033,0.134069747
53035,0.129329436
53037,0.125355433
53039,0.128676579
53041,0.135577705
53043,0.11989658
53045,0.14460882
53047,0.144130607
53049,0.132889189
53051,0.129250369
53053,0.131592776
53055,0.141987217
53057,0.136197972
53059,0.141519467
53061,0.132661572
53063,0.134861722
53065,0.12943121
53067,0.127986924
53069,0.109619993
53071,0.141279723
53073,0.13070031
53075,0.126468313
53077,0.155033855
54001,0.151845723
54003,0.146364268
54005,0.156074237
54007,0.147324549
54009,0.142192516
54011,0.154323571
54013,0.149289165
54015,0.148993304
54017,0.154878612
54019,0.150006678
54021,0.154981509
54023,0.143839479
54025,0.14643394
54027,0.13591037
54029,0.140145956
54031,0.137295699
54033,0.149945936
54035,0.150302102
54037,0.150894831
54039,0.148054305
54041,0.149181913
54043,0.15812805
54045,0.15878779
54047,0.166585502
54049,0.148950022
54051,0.144663939
54053,0.149168642
54055,0.151419164
54057,0.144767646
54059,0.160716033
54061,0.139428084
54063,0.150454384
54065,0.144379387
54067,0.154463095
54069,0.1452003
54071,0.135787937
54073,0.147000757
54075,0.135534864
54077,0.146846209
54079,0.145416557
54081,0.1452932
54083,0.153534272
54085,0.148185391
54087,0.149824979
54089,0.160709643
54091,0.154587142
54093,0.153667308
54095,0.146989797
54097,0.15392301
54099,0.155416855
54101,0.165020947
54103,0.133308905
54105,0.154728031
54107,0.146865585
54109,0.157839454
55001,0.14604904
55003,0.133420972
55005,0.139044462
55007,0.137544074
55009,0.135587276
55011,0.134588793
55013,0.143297704
55015,0.134019623
55017,0.136003958
55019,0.146285504
55021,0.136562353
55023,0.138780624
55025,0.133076884
55027,0.135023562
55029,0.135751475
55031,0.131403147
55033,0.133584334
55035,0.131737904
55037,0.141392892
55039,0.133905368
55041,0.130501697
55043,0.13540635
55045,0.133266882
55047,0.136252603
55049,0.13223966
55051,0.136637353
55053,0.128602919
55055,0.137660926
55057,0.137508451
55059,0.140356457
55061,0.137607908
55063,0.128922732
55065,0.140024032
55067,0.133313861
55069,0.136667833
55071,0.133878401
55073,0.131755034
55075,0.131350806
55077,0.143548242
55078,0.166777548
55079,0.155374369
55081,0.135584288
55083,0.13845279
55085,0.13917649
55087,0.134092238
55089,0.133672263
55091,0.12387416
55093,0.131566699
55095,0.141289535
55097,0.131655627
55099,0.138151096
55101,0.140230643
55103,0.136403219
55105,0.133369721
55107,0.131054796
55109,0.134566466
55111,0.139034532
55113,0.142788037
55115,0.142410942
55117,0.13619816
55119,0.133465238
55121,0.142000305
55123,0.143131797
55125,0.145787277
55127,0.133830814
55129,0.137499843
55131,0.133989952
55133,0.132465294
55135,0.139240388
55137,0.147870849
55139,0.134662852
55141,0.132714942
56001,0.116132705
56003,0.13381348
56005,0.132123033
56007,0.122917467
56009,0.131595339
56011,0.127686108
56013,0.13853213
56015,0.130404832
56017,0.136220825
56019,0.127524274
56021,0.127613183
56023,0.1296086
56025,0.120267625
56027,0.129264314
56029,0.128402429
56031,0.128746602
56033,0.122554052
56035,0.125205381
56037,0.127440989
56039,0.127445547
56041,0.12708996
56043,0.133770637
56045,0.134238478