FIPS,FI
01001,13.95
01003,12.375
01005,22.475
01007,15.35
01009,11.575
01011,23.825
01013,20.925
01015,16.775
01017,18.575
01019,13.775
01021,14.225
01023,20.55
01025,23.25
01027,15.1
01029,14.75
01031,14.95
01033,15.775
01035,22.1
01037,16.525
01039,16.075
01041,16.6
01043,12.975
01045,17.025
01047,27.475
01049,13.25
01051,13.9
01053,19.45
01055,15.55
01057,15.925
01059,13.9
01061,16.2
01063,29.7
01065,22.475
01067,15.325
01069,17.1
01071,14.7
01073,17.975
01075,16.625
01077,14.975
01079,14.975
01081,17.125
01083,12.825
01085,26.45
01087,24.95
01089,14.1
01091,22.275
01093,15.025
01095,13.1
01097,18.175
01099,24
01101,20.875
01103,13.7
01105,28.65
01107,20.15
01109,20.7
01111,15.975
01113,19.35
01115,12.7
01117,9.975
01119,27.425
01121,18.225
01123,17.525
01125,16.8
01127,16.15
01129,17.875
01131,29.5
01133,14.8
02013,12.775
02016,12.4
02020,11.9
02050,21.65
02060,12.85
02068,14.35
02070,16.9
02090,12.25
02100,13.65
02105,16.6
02110,10.675
02122,13.375
02130,13.525
02150,11.7
02158,27.35
02164,18.3
02170,12.85
02180,20.675
02185,14.075
02188,22.275
02195,13.35
02198,17.075
02220,11.75
02230,14.1
02240,15.3
02261,12.35
02275,13.8
02282,13.375
02290,22.3
04001,24.95
04003,14.575
04005,17.825
04007,17.875
04009,15.325
04011,12.35
04012,15.85
04013,13.7
04015,17.65
04017,21.525
04019,14.05
04021,13.75
04023,10.475
04025,15.45
04027,17.225
05001,19.425
05003,19.75
05005,15.05
05007,11.425
05009,15.375
05011,20.425
05013,17.5
05015,13.425
05017,26.15
05019,19.5
05021,18.05
05023,15.5
05025,17.375
05027,22.225
05029,18.15
05031,17.75
05033,14.7
05035,23.525
05037,19.05
05039,19.775
05041,25.7
05043,21.6
05045,16.2
05047,16.875
05049,17.575
05051,17.3
05053,14.425
05055,16.35
05057,19.575
05059,16.875
05061,17.2
05063,16.625
05065,17.25
05067,21.075
05069,24.425
05071,16.25
05073,22.2
05075,17.9
05077,26.075
05079,20.025
05081,18.35
05083,16.825
05085,14.225
05087,14.65
05089,16.2
05091,19.75
05093,23.725
05095,24.025
05097,16.15
05099,21.6
05101,15.225
05103,22.45
05105,15.825
05107,29.025
05109,16.225
05111,18.725
05113,17.65
05115,16.45
05117,17.775
05119,19.25
05121,17.075
05123,24.825
05125,12.45
05127,15.875
05129,16.75
05131,16.825
05133,13.2
05135,18.1
05137,17.975
05139,19.95
05141,17.25
05143,14.3
05145,16.65
05147,22.1
05149,14.15
06001,12.075
06003,14.95
06005,12.375
06007,16.3
06009,12.85
06011,12.15
06013,10.4
06015,17.025
06017,11.2
06019,14.55
06021,13.3
06023,16.325
06025,15.85
06027,11.675
06029,13.675
06031,13.9
06033,16.575
06035,14.6
06037,11.4
06039,11.9
06041,9.975
06043,14.9
06045,14.275
06047,13.775
06049,15.55
06051,10.3
06053,10
06055,8.725
06057,12.475
06059,9.425
06061,10.4
06063,15.775
06065,9.85
06067,14.575
06069,6.275
06071,10.45
06073,11.15
06075,13.625
06077,13.05
06079,11.7
06081,8.525
06083,9.825
06085,9.275
06087,11.6
06089,16.275
06091,13.425
06093,17.75
06095,12.9
06097,10.5
06099,12.325
06101,14.8
06103,15.05
06105,17.15
06107,13.775
06109,14.35
06111,7.95
06113,13.225
06115,15.575
08001,8.575
08003,12.975
08005,11.35
08007,10.475
08009,13.6
08011,13.9
08013,11.3
08014,9.375
08015,10.975
08017,10.125
08019,10.225
08021,8.675
08023,10.2
08025,14.8
08027,13.65
08029,13.475
08031,12.225
08033,13.875
08035,7.55
08037,6.95
08039,8.025
08041,12.175
08043,14.275
08045,8.875
08047,8.8
08049,11.35
08051,12.85
08053,12.45
08055,12.1
08057,10.6
08059,9.6
08061,11.8
08063,10.75
08065,9.675
08067,10.5
08069,11.5
08071,10.05
08073,12.175
08075,12.675
08077,13.375
08079,9.525
08081,11.3
08083,14
08085,12.7
08087,8.5
08089,12.65
08091,11.9
08093,9.6
08095,9.725
08097,10.975
08099,10.8
08101,11.425
08103,12.775
08105,10.525
08107,11.25
08109,11.55
08111,9.85
08113,12.125
08115,12.55
08117,10.325
08119,10.75
08121,11.125
08123,8.65
08125,11.15
09001,9.825
09003,11.8
09005,9.775
09007,9.85
09009,12.3
09011,11.75
09013,9.95
09015,11.475
10001,12.85
10003,11.6
10005,10.175
11001,11.9
12001,18.15
12003,15.675
12005,16.375
12007,17.5
12009,14.275
12011,13.55
12013,15.05
12015,13.85
12017,15.55
12019,12.65
12021,10.65
12023,16.8
12027,16
12029,17.45
12031,17.7
12033,16.875
12035,13.7
12037,16.85
12039,22.3
12041,15.7
12043,14.825
12045,15.65
12047,21
12049,13.425
12051,13.825
12053,13.95
12055,15.25
12057,13.65
12059,18.3
12061,13.675
12063,18.85
12065,17.375
12067,14.875
12069,13
12071,12.825
12073,19.1
12075,16.475
12077,16.55
12079,21.425
12081,12.825
12083,15.325
12085,11.875
12086,9.825
12087,11.325
12089,13.225
12091,13.925
12093,14.875
12095,14.025
12097,10.475
12099,13.125
12101,13.15
12103,14.525
12105,14.725
12107,18.75
12109,11.375
12111,15.025
12113,13.3
12115,12.575
12117,11.85
12119,12.8
12121,17.1
12123,16.925
12125,17.85
12127,14.725
12129,14.15
12131,14.6
12133,17.65
13001,14.9
13003,13.625
13005,14.425
13007,17.85
13009,21.15
13011,10.625
13013,10.65
13015,12.075
13017,21.675
13019,15.925
13021,21.325
13023,17.25
13025,14.2
13027,17.475
13029,11.6
13031,19.625
13033,20.75
13035,16.275
13037,22.675
13039,13.2
13043,17.75
13045,14.65
13047,10.225
13049,14.975
13051,16.7
13053,16.125
13055,15.075
13057,8.1
13059,20.225
13061,27.15
13063,20.5
13065,20.525
13067,11.05
13069,16.2
13071,15.275
13073,9.525
13075,16.85
13077,10.825
13079,14.725
13081,21.7
13083,11.5
13085,9.175
13087,19.625
13089,17.45
13091,17.9
13093,19.6
13095,24.775
13097,14.625
13099,20.9
13101,12.1
13103,10
13105,16.125
13107,20
13109,16.6
13111,12.15
13113,8.675
13115,14.15
13117,5.825
13119,15.375
13121,16.55
13123,11.775
13125,12.275
13127,15.275
13129,12.4
13131,17.525
13133,16.525
13135,10.3
13137,10.375
13139,8.75
13141,23.275
13143,13.575
13145,9.825
13147,14.575
13149,14.05
13151,13.475
13153,14.6
13155,18.55
13157,9.7
13159,14.15
13161,13.775
13163,21.325
13165,19.525
13167,17.675
13169,12.825
13171,17.05
13173,17.55
13175,19.65
13177,11.725
13179,16.925
13181,17.275
13183,14.125
13185,18.875
13187,12.6
13189,19.7
13191,16.275
13193,22.825
13195,12.5
13197,17.65
13199,18.85
13201,17.3
13205,20.45
13207,12.8
13209,16.525
13211,12.25
13213,12
13215,19.4
13217,16.075
13219,7.225
13221,12.75
13223,9.975
13225,18.05
13227,9.475
13229,13.625
13231,10.675
13233,13.35
13235,18.1
13237,14.325
13239,19.9
13241,12.8
13243,24.575
13245,21.175
13247,15.525
13249,16.525
13251,19.25
13253,17.65
13255,17.85
13257,14.2
13259,21.25
13261,22.675
13263,18.3
13265,22.55
13267,16.6
13269,20.65
13271,19.45
13273,24.225
13275,18
13277,17.525
13279,17.4
13281,12.25
13283,17.2
13285,17.425
13287,19.525
13289,20.65
13291,10.4
13293,17.425
13295,13
13297,11.825
13299,18.125
13301,21.525
13303,20.725
13305,15.625
13307,19.1
13309,21.45
13311,11.725
13313,9.175
13315,17.35
13317,19.25
13319,17.15
13321,16.175
15001,12.675
15003,10.975
15005,18.85
15007,10.6
15009,10.925
16001,11.775
16003,14.575
16005,13.975
16007,12.825
16009,15.55
16011,10.625
16013,10.025
16015,13.15
16017,14.4
16019,11.3
16021,14.5
16023,13.55
16025,14.6
16027,11.85
16029,10.625
16031,9.875
16033,10.2
16035,15.1
16037,15.825
16039,13.825
16041,11.15
16043,10.5
16045,14.825
16047,10.375
16049,14.425
16051,9.825
16053,10.075
16055,13.25
16057,16.1
16059,15.3
16061,15.45
16063,9.6
16065,17.85
16067,9.7
16069,13.275
16071,12.475
16073,13.375
16075,12.375
16077,8.8
16079,16.875
16081,9.425
16083,12.175
16085,13.725
16087,13.25
17001,11.325
17003,21.925
17005,11.35
17007,7.6
17009,10.375
17011,9.875
17013,11.125
17015,10.15
17017,9.075
17019,14.5
17021,11.625
17023,11.6
17025,11.95
17027,8.75
17029,14.6
17031,12.025
17033,10.875
17035,11
17037,12.2
17039,10.175
17041,9.15
17043,6.65
17045,11.825
17047,10.1
17049,9.625
17051,12.6
17053,11.425
17055,14.125
17057,12.65
17059,13.275
17061,12.2
17063,8.75
17065,11.2
17067,10.475
17069,14.15
17071,10.175
17073,9.9
17075,10.775
17077,17.575
17079,10.175
17081,13.85
17083,9.575
17085,9.125
17087,12.625
17089,6.2
17091,12.7
17093,5.575
17095,13.625
17097,6.85
17099,10.85
17101,13.975
17103,10.225
17105,10.975
17107,11.2
17109,14.65
17111,6.65
17113,11.2
17115,14.4
17117,11.125
17119,11.825
17121,13.2
17123,9.7
17125,12.6
17127,14.35
17129,9.625
17131,9.95
17133,6.9
17135,12.8
17137,12.2
17139,9.775
17141,9.275
17143,14.325
17145,13.45
17147,7.775
17149,11.1
17151,12.175
17153,17.7
17155,8.95
17157,11.2
17159,12.175
17161,11.6
17163,15.425
17165,15.65
17167,12.75
17169,13.4
17171,11.15
17173,10.325
17175,11.2
17177,12.85
17179,9.5
17181,12.6
17183,14.625
17185,11.15
17187,10.375
17189,8.8
17191,12.35
17193,11.6
17195,9.3
17197,7.325
17199,12.625
17201,12.925
17203,8.3
18001,12.4
18003,13.475
18005,11.375
18007,12.475
18009,13.25
18011,9.375
18013,11.2
18015,10.9
18017,11.4
18019,12.075
18021,13.2
18023,10.4
18025,14.225
18027,11.825
18029,11.2
18031,12.25
18033,11.575
18035,16.3
18037,9.725
18039,11.325
18041,15.725
18043,12.2
18045,12.775
18047,11.3
18049,12.125
18051,11.6
18053,15.7
18055,13.525
18057,8.475
18059,9.85
18061,11.8
18063,9.2
18065,13.825
18067,14.7
18069,11.775
18071,12.25
18073,10.7
18075,13.575
18077,13.2
18079,13.25
18081,10.9
18083,14.45
18085,10.475
18087,10.05
18089,14.55
18091,14.775
18093,12.7
18095,14.85
18097,17.425
18099,10.65
18101,12.075
18103,14.075
18105,16.725
18107,11.85
18109,11.8
18111,12.55
18113,10.125
18115,10.625
18117,14.3
18119,13.575
18121,13.375
18123,12.825
18125,11.275
18127,10.75
18129,10.4
18131,12.5
18133,12.35
18135,13.5
18137,11.475
18139,13.75
18141,14.375
18143,13.4
18145,11.6
18147,10.775
18149,13
18151,10.925
18153,14.5
18155,15
18157,15.025
18159,10.55
18161,11.65
18163,15.125
18165,14.125
18167,16.5
18169,12.35
18171,10.625
18173,10.35
18175,12.9
18177,15.4
18179,10.75
18181,10.2
18183,10.175
19001,10.125
19003,10.35
19005,10.275
19007,12.85
19009,10.375
19011,9.6
19013,13.25
19015,9.975
19017,8.9
19019,9.9
19021,8.525
19023,10.125
19025,11.6
19027,9.725
19029,11.85
19031,8.65
19033,11.2
19035,10.575
19037,10
19039,11.025
19041,11.6
19043,10.55
19045,12.025
19047,10.025
19049,7.55
19051,11.475
19053,13.975
19055,9.425
19057,13.225
19059,9.65
19061,11
19063,10.45
19065,11.375
19067,11.925
19069,9.725
19071,10.175
19073,10.6
19075,8.6
19077,10.025
19079,10.425
19081,9.325
19083,9.675
19085,10.225
19087,11.4
19089,10.35
19091,10.9
19093,10.025
19095,9.375
19097,11.1
19099,10.675
19101,12.65
19103,12.4
19105,10.375
19107,11.15
19109,9.675
19111,13.35
19113,10.475
19115,8.725
19117,10.9
19119,7.5
19121,9.7
19123,12.1
19125,10.325
19127,9.15
19129,9.425
19131,9.2
19133,12.575
19135,11.325
19137,12.525
19139,8.675
19141,9.625
19143,9.3
19145,12.05
19147,9.95
19149,8.625
19151,10.85
19153,11
19155,10.725
19157,10.575
19159,10.475
19161,9.475
19163,11.8
19165,9.625
19167,7.325
19169,13.775
19171,9.925
19173,10.1
19175,12.125
19177,10.925
19179,12.4
19181,8.675
19183,9.45
19185,11.7
19187,12.9
19189,10.375
19191,9.525
19193,10.525
19195,10.25
19197,10.225
20001,15.125
20003,14.25
20005,16.25
20007,13.525
20009,13.025
20011,15.825
20013,13.825
20015,12.075
20017,12.325
20019,14.625
20021,14.35
20023,10.45
20025,11.575
20027,11.65
20029,13.425
20031,13.3
20033,10.25
20035,13.975
20037,16.575
20039,13.8
20041,13.075
20043,13.575
20045,15.675
20047,9.275
20049,14.275
20051,13.45
20053,12.1
20055,8.05
20057,7.2
20059,12.95
20061,16.775
20063,11.175
20065,12.8
20067,4.95
20069,8.8
20071,9.35
20073,13.85
20075,7.95
20077,13.025
20079,11.9
20081,8.275
20083,10.4
20085,11.675
20087,10.875
20089,13.625
20091,10.3
20093,8.85
20095,11.675
20097,12.1
20099,15.725
20101,11.475
20103,12.85
20105,11.525
20107,15.025
20109,10.825
20111,13.5
20113,11.025
20115,11.825
20117,11.675
20119,10.375
20121,11.45
20123,13.05
20125,16.275
20127,11.5
20129,10.175
20131,11.7
20133,16.225
20135,10.5
20137,11.3
20139,13.05
20141,13.675
20143,11.05
20145,11.725
20147,11.6
20149,10.675
20151,12.225
20153,11.35
20155,13.325
20157,12.275
20159,12.725
20161,16.6
20163,12.875
20165,11.45
20167,12.75
20169,12.975
20171,7.75
20173,13.7
20175,7.05
20177,13.475
20179,9.85
20181,13.625
20183,12.85
20185,11.2
20187,7.325
20189,9.3
20191,12.725
20193,11.425
20195,10.675
20197,9.95
20199,11.275
20201,11.825
20203,7.15
20205,15.275
20207,16.5
20209,16.475
21001,15.875
21003,14.025
21005,11.475
21007,14.75
21009,15.7
21011,17.175
21013,22.625
21015,9.625
21017,13.95
21019,16.05
21021,14.475
21023,14.45
21025,21.275
21027,14.3
21029,10.575
21031,15.7
21033,15.075
21035,15.85
21037,12.425
21039,13.775
21041,16.3
21043,17.075
21045,15.775
21047,18.3
21049,13.9
21051,22.75
21053,16.3
21055,14.225
21057,15.95
21059,13.725
21061,15
21063,20.725
21065,18.8
21067,15
21069,15.6
21071,20.3
21073,13.775
21075,21.375
21077,12.425
21079,13.45
21081,14.35
21083,14.2
21085,16.5
21087,14.6
21089,14.875
21091,12.775
21093,14.15
21095,22.3
21097,14.1
21099,15.825
21101,15.825
21103,13.875
21105,14.5
21107,14.5
21109,19.75
21111,15.1
21113,13.9
21115,17.85
21117,12.575
21119,20.05
21121,20.4
21123,13.6
21125,16.3
21127,17.725
21129,20.975
21131,21.05
21133,20.175
21135,18.825
21137,16.175
21139,13.975
21141,14.325
21143,13.325
21145,15.5
21147,22.15
21149,13.65
21151,15.35
21153,23.3
21155,14.925
21157,12.15
21159,20.4
21161,15.825
21163,13.025
21165,17.05
21167,13.925
21169,15.35
21171,15.725
21173,16.85
21175,17.875
21177,15.4
21179,12.125
21181,16.775
21183,15.225
21185,7.625
21187,13.425
21189,21.675
21191,12.9
21193,18.9
21195,18.3
21197,17.425
21199,16.6
21201,16.225
21203,15.675
21205,17.15
21207,17.4
21209,11.325
21211,11.4
21213,14.925
21215,9.675
21217,16.95
21219,14.075
21221,13.4
21223,13.35
21225,17.65
21227,14.825
21229,13.05
21231,17.55
21233,15.1
21235,17.425
21237,23.05
21239,11.525
22001,15.65
22003,13.925
22005,10.525
22007,15.55
22009,17.85
22011,13.375
22013,19.95
22015,13.175
22017,19.275
22019,14.125
22021,16.275
22023,7.425
22025,17.425
22027,21.1
22029,21.7
22031,18.45
22033,16.9
22035,32.325
22037,15.8
22039,19.1
22041,20.65
22043,14.275
22045,17.225
22047,17.45
22049,17.925
22051,13.025
22053,14.6
22055,14.325
22057,12.4
22059,14.2
22061,20.925
22063,10.1
22065,26.35
22067,22.25
22069,21.6
22071,21.45
22073,18.6
22075,13.5
22077,15.975
22079,16.725
22081,17.225
22083,19.1
22085,14.3
22087,14.2
22089,11.225
22091,19.9
22093,16.9
22095,17
22097,20.025
22099,14.675
22101,17.25
22103,9.825
22105,16.825
22107,25.05
22109,14.5
22111,15.55
22113,13.65
22115,14.425
22117,18.6
22119,18.7
22121,15.125
22123,18.125
22125,14.9
22127,19.225
23001,14.675
23003,16.2
23005,12.475
23007,13.325
23009,13.575
23011,13.65
23013,12.525
23015,12.65
23017,14.175
23019,14.925
23021,16.325
23023,11.825
23025,15.9
23027,13.75
23029,16.1
23031,11.8
24001,13.65
24003,7.625
24005,11.25
24009,7.025
24011,11.725
24013,6.125
24015,9.4
24017,10.65
24019,14.675
24021,7.075
24023,10.1
24025,8.225
24027,6.95
24029,11.025
24031,6.525
24033,12.9
24035,6.8
24037,8.9
24039,18.475
24041,9.725
24043,11.725
24045,14.1
24047,12.5
24510,21.075
25001,8.125
25003,10.15
25005,10.5
25007,9.325
25009,7.55
25011,9.175
25013,10.65
25015,9.7
25017,7.775
25019,8.55
25021,7.6
25023,8.275
25025,13.65
25027,8.975
26001,13.125
26003,13.65
26005,9.45
26007,13.225
26009,12.05
26011,14.95
26013,15.175
26015,9.575
26017,12.5
26019,11.025
26021,14.625
26023,12.225
26025,14.125
26027,12.025
26029,11.475
26031,15.325
26033,15.925
26035,16.075
26037,9.725
26039,13.85
26041,13.1
26043,12.3
26045,11.225
26047,12.05
26049,16.55
26051,14.425
26053,14.85
26055,10.475
26057,13.65
26059,12.925
26061,14.775
26063,11.575
26065,15.3
26067,11.075
26069,14.2
26071,13.1
26073,16.075
26075,13.25
26077,13.875
26079,14.025
26081,11.575
26083,13.025
26085,17.725
26087,10.85
26089,9.2
26091,11.225
26093,8.125
26095,15.2
26097,15.625
26099,12.5
26101,13.1
26103,13.725
26105,12.75
26107,14.85
26109,12.2
26111,11.3
26113,12.9
26115,10.425
26117,13.15
26119,14.875
26121,14.65
26123,12.55
26125,11.5
26127,12.525
26129,14.95
26131,13.725
26133,14.25
26135,14.575
26137,12.575
26139,8.45
26141,13.75
26143,15.8
26145,14.8
26147,12.45
26149,11.875
26151,12.6
26153,16.3
26155,11.95
26157,12.725
26159,12.2
26161,12.975
26163,19.7
26165,13.775
27001,11.025
27003,7.375
27005,9.725
27007,12.625
27009,10.95
27011,10.275
27013,11.15
27015,7.825
27017,10.025
27019,5.45
27021,11.575
27023,9.3
27025,6.775
27027,9.375
27029,13.575
27031,9.95
27033,10.275
27035,9.975
27037,7.3
27039,6.475
27041,8.3
27043,9.225
27045,9.025
27047,8.425
27049,8.65
27051,9.075
27053,10.15
27055,8.375
27057,9.875
27059,7.875
27061,11.3
27063,8.2
27065,10.975
27067,8.275
27069,8.75
27071,12.925
27073,8.5
27075,9.425
27077,8.35
27079,7.875
27081,8.875
27083,9.7
27085,7.85
27087,13.7
27089,9
27091,9.475
27093,8.15
27095,10.775
27097,9.9
27099,8.875
27101,8.475
27103,8.55
27105,7.45
27107,9.25
27109,8.05
27111,8.775
27113,9.725
27115,11
27117,9.3
27119,9.775
27121,8.15
27123,11.725
27125,9.65
27127,9.275
27129,8.375
27131,8.525
27133,8.25
27135,9.05
27137,11.475
27139,5.7
27141,6.975
27143,7.5
27145,10.275
27147,8.025
27149,9.9
27151,10.65
27153,9.425
27155,8.9
27157,7.225
27159,11.875
27161,8.4
27163,6.325
27165,7.15
27167,8.9
27169,9.9
27171,6.475
27173,9.075
28001,24.35
28003,15.925
28005,19.925
28007,20.825
28009,18.475
28011,27.45
28013,18.65
28015,17.35
28017,20.125
28019,19.3
28021,32.075
28023,18.45
28025,22.775
28027,29.2
28029,20.925
28031,18.825
28033,12.925
28035,21.5
28037,18.375
28039,14.65
28041,16.5
28043,20.4
28045,15.225
28047,18.05
28049,23.2
28051,32.825
28053,31.3
28055,32.25
28057,14.675
28059,15.575
28061,20.625
28063,35.175
28065,25
28067,17.675
28069,24.5
28071,18.15
28073,15.075
28075,20.425
28077,18.325
28079,20.6
28081,16.7
28083,29.9
28085,18.725
28087,20.225
28089,14.5
28091,20.075
28093,18.275
28095,17.6
28097,21.575
28099,18.025
28101,18.575
28103,26.225
28105,22.2
28107,21.025
28109,15.35
28111,17.025
28113,24.125
28115,14.575
28117,17.325
28119,28.8
28121,12.1
28123,18.95
28125,26.7
28127,19.45
28129,16.525
28131,15.975
28133,28.225
28135,19.65
28137,16.75
28139,16.475
28141,14.475
28143,26.95
28145,15.2
28147,21.1
28149,20.925
28151,28.425
28153,20
28155,18.025
28157,27.5
28159,21.875
28161,18.6
28163,25.4
29001,17.2
29003,10.725
29005,12.85
29007,14.725
29009,13.975
29011,15.625
29013,13.725
29015,15.125
29017,14.8
29019,15.15
29021,14.525
29023,17.45
29025,12.95
29027,12.8
29029,13.825
29031,14.525
29033,14.175
29035,15.9
29037,11.075
29039,15.975
29041,13
29043,11.45
29045,13.95
29047,11.025
29049,11.725
29051,13.3
29053,13.6
29055,15.85
29057,14.675
29059,14.875
29061,12.7
29063,14.525
29065,16.2
29067,15.85
29069,19.7
29071,11.975
29073,12.6
29075,13.6
29077,14.9
29079,14.7
29081,14.425
29083,15.3
29085,15.925
29087,12.7
29089,14.1
29091,16.8
29093,17.4
29095,16.2
29097,13.675
29099,11.15
29101,14.55
29103,14.45
29105,14.95
29107,12.375
29109,13.45
29111,13.15
29113,12.65
29115,14.8
29117,14.35
29119,13.5
29121,14.575
29123,15.2
29125,14.3
29127,15.125
29129,13.1
29131,14.5
29133,21.3
29135,12
29137,13.625
29139,14.075
29141,16.35
29143,20.125
29145,12.575
29147,16.825
29149,16.85
29151,9.875
29153,17.675
29155,23.45
29157,10.625
29159,14.3
29161,15.95
29163,13.875
29165,10.85
29167,14.5
29169,15.55
29171,14.175
29173,11.725
29175,14.8
29177,13.125
29179,15.15
29181,17.65
29183,9.25
29185,16.175
29186,12.85
29187,15.4
29189,13.675
29195,13.75
29197,15.5
29199,13.65
29201,16.6
29203,18.175
29205,13.8
29207,15.175
29209,13.85
29211,11.675
29213,16.075
29215,16.875
29217,14.225
29219,12.025
29221,15.7
29223,16.875
29225,14.325
29227,12.45
29229,17.375
29510,23.125
30001,12.025
30003,18.15
30005,17.375
30007,9.8
30009,10
30011,9.775
30013,12.125
30015,13.85
30017,10.825
30019,7.9
30021,10.875
30023,13.6
30025,9.375
30027,11.525
30029,11.95
30031,10.7
30033,9.15
30035,20.15
30037,13.125
30039,12.075
30041,13.95
30043,9.275
30045,11.3
30047,13.85
30049,10.75
30051,12.4
30053,15.05
30055,8.625
30057,10.425
30059,12.2
30061,15.45
30063,12.825
30065,12.9
30067,11.35
30069,11.6
30071,12.95
30073,13.65
30075,10.175
30077,12.15
30079,10.625
30081,12.775
30083,9.825
30085,17.075
30087,13.55
30089,15.375
30091,9.675
30093,13.85
30095,8.8
30097,10.1
30099,11.15
30101,13.2
30103,13.4
30105,10.3
30107,13.725
30109,10.85
30111,10.25
31001,11.9
31003,11.725
31005,13.825
31007,12.1
31009,15.025
31011,10.275
31013,11.6
31015,12
31017,14
31019,12
31021,12.375
31023,10.65
31025,9.75
31027,10.675
31029,9
31031,12.075
31033,11.6
31035,10.65
31037,6.15
31039,10.575
31041,11.975
31043,9.625
31045,13.425
31047,9.425
31049,11.075
31051,10.35
31053,11.875
31055,13.4
31057,10.225
31059,11.225
31061,12.275
31063,12.25
31065,13.125
31067,12.425
31069,11.225
31071,11.175
31073,10.675
31075,12.925
31077,11.45
31079,10.85
31081,9.95
31083,12
31085,11.575
31087,13.9
31089,11.3
31091,14.575
31093,11.6
31095,11.925
31097,11.925
31099,10.725
31101,12.25
31103,11.75
31105,12.3
31107,12.45
31109,13.3
31111,12.275
31113,11.875
31115,11.65
31117,13.525
31119,12.075
31121,11.9
31123,10.55
31125,11.925
31127,12.225
31129,12.15
31131,11.55
31133,13.4
31135,9.65
31137,10.75
31139,10.35
31141,9.15
31143,9.925
31145,11.8
31147,13.525
31149,11.55
31151,9.675
31153,9.7
31155,10.85
31157,10.65
31159,11.075
31161,13.55
31163,12.15
31165,12
31167,10.25
31169,11.6
31171,12.3
31173,18.75
31175,12.575
31177,11
31179,12.35
31181,11.625
31183,10.85
31185,11.425
32001,13.575
32003,12.85
32005,11.85
32007,9.175
32009,12.45
32011,12.1
32013,8.875
32015,8.675
32017,12.925
32019,13.6
32021,16.575
32023,15.075
32027,12.075
32029,11.275
32031,11.85
32033,11.075
32510,13.525
33001,9.275
33003,9.05
33005,10.025
33007,11.725
33009,10.1
33011,9.15
33013,9.05
33015,7.275
33017,9.9
33019,9.425
34001,12.775
34003,7.425
34005,9.45
34007,11.775
34009,12.15
34011,12.875
34013,15.75
34015,9.5
34017,10.9
34019,5.975
34021,10.375
34023,8.125
34025,8.275
34027,5.975
34029,9.225
34031,10.05
34033,12.5
34035,6.35
34037,7.025
34039,9.375
34041,8.975
35001,14.5
35003,19.225
35005,14.775
35006,19.8
35007,15.8
35009,17.25
35011,14.975
35013,15.05
35015,12.35
35017,15.15
35019,10.1
35021,15.65
35023,14.95
35025,12.975
35027,15.425
35028,12.45
35029,20.375
35031,25.525
35033,11.925
35035,17.95
35037,16.375
35039,11.925
35041,18.275
35043,13.8
35045,19.175
35047,14.675
35049,12.275
35051,19.625
35053,16.775
35055,15.3
35057,18.725
35059,14.3
35061,13.3
36001,11.8
36003,12.55
36005,16.375
36007,13.125
36009,12.825
36011,11.075
36013,12.575
36015,12.65
36017,11.6
36019,12.225
36021,9.9
36023,12.05
36025,11.975
36027,8.825
36029,12.775
36031,10.2
36033,13.225
36035,12.325
36037,10.425
36039,10.55
36041,10.725
36043,11.625
36045,13.225
36047,17.1
36049,11.425
36051,10.95
36053,10.125
36055,12.425
36057,12.55
36059,5.675
36061,12.95
36063,12.1
36065,12.3
36067,12.3
36069,9.225
36071,8.625
36073,11.9
36075,13.075
36077,11.25
36079,5.1
36081,10.85
36083,11.1
36085,8.9
36087,9.225
36089,13.325
36091,8.075
36093,10.95
36095,10.975
36097,11.575
36099,11.025
36101,12.075
36103,5.95
36105,11.275
36107,9.875
36109,12.95
36111,10.375
36113,10.275
36115,11
36117,10.225
36119,7.875
36121,10.4
36123,10.075
37001,14.6
37003,13.275
37005,14.375
37007,20.575
37009,13.6
37011,13.175
37013,16.35
37015,21.875
37017,20.1
37019,13.975
37021,12.925
37023,14.575
37025,12.025
37027,14.25
37029,11.725
37031,13.225
37033,17.6
37035,13.025
37037,11.475
37039,14.025
37041,18.875
37043,14
37045,16.925
37047,18.9
37049,15.525
37051,18.675
37053,11.125
37055,11.8
37057,13.525
37059,12
37061,16.225
37063,16.25
37065,23.675
37067,15.575
37069,14.875
37071,15.025
37073,15.3
37075,15.95
37077,15
37079,18.075
37081,17
37083,23.425
37085,15.125
37087,13.3
37089,11.35
37091,22.55
37093,18.1
37095,18.825
37097,12.575
37099,15.025
37101,12.45
37103,18.775
37105,14.175
37107,19.825
37109,12.425
37111,14.5
37113,13.55
37115,13.7
37117,19.2
37119,14.725
37121,13.4
37123,15
37125,13.075
37127,18.075
37129,15.35
37131,22.85
37133,15.2
37135,12.625
37137,14.625
37139,18.2
37141,14.2
37143,16.325
37145,16.675
37147,19.8
37149,12.2
37151,12.8
37153,20.05
37155,20.55
37157,15.975
37159,14.9
37161,16.25
37163,16.45
37165,23.8
37167,13.975
37169,13.025
37171,13.35
37173,15.425
37175,12.8
37177,19.925
37179,10
37181,21.9
37183,12.375
37185,21.2
37187,21.925
37189,16.65
37191,17.8
37193,14.65
37195,20.125
37197,12.525
37199,14.475
38001,6.325
38003,6.875
38005,14.175
38007,5.9
38009,6.75
38011,4.75
38013,6
38015,5.775
38017,8.15
38019,4.525
38021,5.275
38023,6.025
38025,5.425
38027,8.525
38029,7.4
38031,5.975
38033,6.675
38035,9.8
38037,6.8
38039,6.2
38041,4.95
38043,5.55
38045,6
38047,4.85
38049,6.325
38051,6.225
38053,7.225
38055,5.85
38057,4.9
38059,5.75
38061,5.725
38063,6.325
38065,5.175
38067,5.7
38069,9.075
38071,7.975
38073,6.2
38075,4.5
38077,6.125
38079,16.775
38081,4.575
38083,8.475
38085,16.25
38087,5.725
38089,5.55
38091,4.05
38093,7.15
38095,6.8
38097,5.475
38099,5.9
38101,6.725
38103,5.575
38105,5.925
39001,18
39003,15
39005,13.225
39007,15.575
39009,19.375
39011,10.6
39013,14.45
39015,14.225
39017,12.975
39019,13.275
39021,12.3
39023,15.425
39025,11.35
39027,14.575
39029,14.575
39031,14.6
39033,14.475
39035,18.075
39037,12.175
39039,11.175
39041,8.15
39043,13.925
39045,12.125
39047,15.15
39049,16.05
39051,10.375
39053,16.45
39055,9.3
39057,12.95
39059,15.95
39061,16.825
39063,11.7
39065,14.025
39067,14.725
39069,10.625
39071,16.175
39073,13.8
39075,11.325
39077,13.275
39079,17.1
39081,16.4
39083,13.2
39085,11.325
39087,15.55
39089,12.625
39091,12.725
39093,13.175
39095,17.35
39097,12.175
39099,16.2
39101,15.175
39103,9.825
39105,17.3
39107,10.025
39109,12.1
39111,16.825
39113,17.05
39115,16.75
39117,11.375
39119,15.575
39121,14.25
39123,12.15
39125,11.575
39127,15.2
39129,12.425
39131,17.075
39133,13.55
39135,12.4
39137,8.975
39139,15.075
39141,15.525
39143,12
39145,18.175
39147,13.275
39149,11.65
39151,14.175
39153,14.775
39155,15.875
39157,13.275
39159,10.025
39161,11.625
39163,16.4
39165,9.45
39167,14.325
39169,12.2
39171,12.35
39173,12.175
39175,11.375
40001,19.225
40003,12.5
40005,17.6
40007,9.175
40009,13.9
40011,13.525
40013,16.225
40015,16
40017,11.225
40019,15.8
40021,16.9
40023,21.6
40025,11.55
40027,13.475
40029,17.725
40031,17.325
40033,14.75
40035,16.175
40037,14.725
40039,13.7
40041,16.15
40043,14.125
40045,13.425
40047,13.825
40049,15.375
40051,13.475
40053,12.25
40055,16.825
40057,12.575
40059,10.075
40061,17.75
40063,17.675
40065,14.35
40067,16.8
40069,16.75
40071,16.1
40073,10.225
40075,17.025
40077,18.275
40079,17.775
40081,14.625
40083,13.475
40085,11.825
40087,11.525
40089,19.725
40091,18.425
40093,12.525
40095,13.9
40097,16.3
40099,14.95
40101,18.325
40103,13.65
40105,16.2
40107,19.125
40109,15.55
40111,18.375
40113,16.125
40115,16.95
40117,15.175
40119,18.675
40121,16.7
40123,15.75
40125,15.725
40127,18.15
40129,14.25
40131,12.525
40133,18.3
40135,18.7
40137,15.9
40139,8.825
40141,14.3
40143,15.425
40145,12.825
40147,14.675
40149,13.8
40151,13.325
40153,12.6
41001,14.95
41003,14.1
41005,10.575
41007,13.2
41009,12.875
41011,15.6
41013,14.85
41015,14.925
41017,12.35
41019,14.975
41021,12.925
41023,15.175
41025,15.25
41027,8.6
41029,13.85
41031,13.575
41033,15.7
41035,15.325
41037,15.675
41039,14.85
41041,14.725
41043,14.15
41045,13.325
41047,11.7
41049,9.1
41051,14.2
41053,12.425
41055,14.8
41057,13.275
41059,12.175
41061,15.075
41063,14.975
41065,12.2
41067,10.525
41069,15.1
41071,11.725
42001,8.625
42003,12.925
42005,12.4
42007,11.85
42009,11.6
42011,9.475
42013,12.6
42015,11.45
42017,8.025
42019,9.425
42021,13.45
42023,12.95
42025,11.05
42027,12.45
42029,7.5
42031,13.425
42033,12.725
42035,13.55
42037,12.275
42039,12.575
42041,9.325
42043,12.875
42045,11.925
42047,9.975
42049,13.8
42051,14.7
42053,14.8
42055,10.5
42057,11.025
42059,13.025
42061,12.575
42063,13.275
42065,12.375
42067,10.725
42069,12.55
42071,9.55
42073,12.75
42075,9.3
42077,9.925
42079,12.475
42081,13.125
42083,13.325
42085,12.65
42087,12.5
42089,10.625
42091,8.975
42093,10.3
42095,9.225
42097,12.625
42099,9.175
42101,19.6
42103,9.3
42105,12.8
42107,11.825
42109,10.475
42111,11.775
42113,11.825
42115,11.15
42117,12.525
42119,10.775
42121,12.6
42123,11.2
42125,10.55
42127,10.8
42129,10.625
42131,10.5
42133,10
44001,9.65
44003,9.975
44005,10.9
44007,12.9
44009,9.875
45001,15.15
45003,12.525
45005,23.7
45007,11.9
45009,21.1
45011,19.35
45013,9.8
45015,11.35
45017,15.125
45019,12.9
45021,14.65
45023,17.2
45025,15.825
45027,18.525
45029,16.025
45031,17.275
45033,21.025
45035,11.325
45037,13.475
45039,19.35
45041,16.075
45043,14.7
45045,10.7
45047,15.925
45049,16.625
45051,12.4
45053,14.825
45055,12.275
45057,12.15
45059,14.65
45061,20.55
45063,9.925
45065,16.25
45067,20.45
45069,20.55
45071,13.35
45073,11.9
45075,20.4
45077,11.7
45079,15.6
45081,11.8
45083,12.35
45085,17
45087,16.025
45089,21.25
45091,10.475
46003,7.9
46005,12.05
46007,18.6
46009,9.875
46011,12.025
46013,10.7
46015,11.825
46017,22.5
46019,10.725
46021,8.8
46023,13.55
46025,11.575
46027,15.575
46029,11.025
46031,22.425
46033,10.4
46035,11.5
46037,12.975
46039,9.925
46041,19.9
46043,9.05
46045,8.425
46047,12.3
46049,10.425
46051,8.8
46053,12.125
46055,11.7
46057,8.1
46059,9.6
46061,9.15
46063,10.275
46065,10.4
46067,10.375
46069,9.9
46071,20.225
46073,9.175
46075,10.65
46077,9.25
46079,11.125
46081,11.3
46083,6.95
46085,13.925
46087,9
46089,12.6
46091,10.125
46093,9.9
46095,20.475
46097,9.5
46099,10.9
46101,11.25
46102,27.225
46103,11.325
46105,10.95
46107,9.525
46109,13.6
46111,9.625
46115,10.225
46117,7.975
46119,8.225
46121,24.825
46123,13.475
46125,9.6
46127,8.925
46129,11.9
46135,11.35
46137,20.8
47001,13.375
47003,12.425
47005,15.75
47007,16
47009,11.15
47011,13.325
47013,15.775
47015,12.75
47017,15.975
47019,15.7
47021,10.25
47023,14.2
47025,15.575
47027,16.025
47029,16.65
47031,12.7
47033,14.225
47035,12.75
47037,14.75
47039,14.9
47041,13.7
47043,12.15
47045,15.95
47047,13.9
47049,15.425
47051,12.75
47053,15.6
47055,13.55
47057,13.55
47059,14.25
47061,16.825
47063,13.525
47065,13.675
47067,17.25
47069,19.05
47071,14.975
47073,14.125
47075,20.05
47077,15.65
47079,14.8
47081,13.65
47083,15.125
47085,13.7
47087,15.6
47089,12.35
47091,15.475
47093,12.85
47095,20.925
47097,20.85
47099,14.125
47101,14.125
47103,12.95
47105,10.4
47107,14
47109,15.75
47111,12.775
47113,17.25
47115,14.25
47117,12.225
47119,12.525
47121,13.9
47123,13.6
47125,14.025
47127,9.825
47129,15.075
47131,16.475
47133,13.475
47135,16.275
47137,13.125
47139,13.275
47141,14.675
47143,15.55
47145,13.175
47147,10.4
47149,11.55
47151,17.1
47153,12.775
47155,12.45
47157,19.45
47159,12.2
47161,14.1
47163,13.425
47165,10.175
47167,13.875
47169,13.5
47171,14.775
47173,14.475
47175,13.725
47177,14
47179,13.3
47181,14.45
47183,15.2
47185,13.25
47187,6.75
47189,9.825
48001,18.1
48003,8.875
48005,19.2
48007,16.975
48009,14.55
48011,13.55
48013,9.6
48015,14.7
48017,11.05
48019,15.025
48021,12.725
48023,16.575
48025,14.775
48027,18.475
48029,11.875
48031,13.3
48033,13.55
48035,16.025
48037,21.5
48039,14.075
48041,19.6
48043,13.125
48045,14.175
48047,15.075
48049,16.4
48051,15.825
48053,14.625
48055,13.275
48057,13
48059,17.225
48061,12.05
48063,18.95
48065,12.725
48067,21.45
48069,9.85
48071,14.75
48073,18.2
48075,17.95
48077,16.375
48079,12.9
48081,15.6
48083,18.2
48085,14.075
48087,14.2
48089,14.15
48091,12.25
48093,15.85
48095,8.6
48097,15.85
48099,18.475
48101,19.725
48103,8.75
48105,10.775
48107,13.625
48109,11.725
48111,12.85
48113,17.075
48115,12.8
48117,9.125
48119,19.875
48121,14.2
48123,14.575
48125,16.425
48127,10.425
48129,17.325
48131,11.6
48133,18.1
48135,10.375
48137,8.5
48139,13.725
48141,10.4
48143,17.85
48145,20.25
48147,17.175
48149,13.85
48151,15.05
48153,12.9
48155,13.55
48157,13.725
48159,17.1
48161,19.175
48163,9.525
48165,10.975
48167,16.4
48169,11
48171,13.275
48173,10.025
48175,13.8
48177,12.95
48179,15.7
48181,17.425
48183,19.85
48185,17.975
48187,11.775
48189,13.75
48191,19.425
48193,17.05
48195,12.15
48197,16.475
48199,17.5
48201,16.275
48203,19.4
48205,12.75
48207,16.45
48209,13.075
48211,12.025
48213,18.35
48215,12.15
48217,17.425
48219,12.525
48221,15.475
48223,17.7
48225,22.4
48227,14.075
48229,13.9
48231,18.375
48233,16
48235,13.325
48237,16.15
48239,14.275
48241,21.15
48243,10.375
48245,22.325
48247,9.65
48249,11.475
48251,14.45
48253,17.175
48255,13.3
48257,15.4
48259,11.875
48261,12.975
48263,15.575
48265,15.025
48267,16.525
48269,15.8
48271,11.15
48273,13.525
48275,14.375
48277,20.575
48279,14.475
48281,15.575
48283,6.5
48285,14.8
48287,15.225
48289,17.525
48291,18.125
48293,19.225
48295,12.775
48297,13.175
48299,16.8
48301,18.625
48303,16.05
48305,13.225
48307,14.975
48309,18.35
48311,9.075
48313,18
48315,22.775
48317,9.375
48319,14.25
48321,17.225
48323,11.275
48325,9.825
48327,13.85
48329,10.7
48331,17.175
48333,15.65
48335,13.125
48337,17.325
48339,14.075
48341,11.475
48343,22.7
48345,16.425
48347,21.4
48349,17.7
48351,21.875
48353,15.25
48355,12.05
48357,10.35
48359,15.275
48361,19.2
48363,17.625
48365,19.225
48367,14.325
48369,9.45
48371,8.5
48373,19.025
48375,16.625
48377,14.075
48379,16.075
48381,13.575
48383,9.375
48385,17.825
48387,20.725
48389,7.8
48391,13.85
48393,14.05
48395,17.55
48397,12.3
48399,14
48401,18.125
48403,22.4
48405,24.425
48407,18.7
48409,12.475
48411,15.05
48413,10.325
48415,12.175
48417,16.575
48419,20.425
48421,11.1
48423,18.225
48425,17.2
48427,14.6
48429,17.075
48431,10.875
48433,15.75
48435,9.425
48437,15.525
48439,15.975
48441,17.125
48443,11.05
48445,12.1
48447,16.575
48449,15.95
48451,13.775
48453,14.625
48455,19.4
48457,19.825
48459,17.95
48461,12.35
48463,9.925
48465,10.275
48467,16.8
48469,13.35
48471,21.4
48473,17.75
48475,11.25
48477,17.325
48479,10.125
48481,15.075
48483,15.9
48485,18.675
48487,17.5
48489,15.525
48491,12.675
48493,10.25
48495,10.625
48497,14.775
48499,17.125
48501,7.625
48503,15.375
48505,13
48507,15.45
49001,12.9
49003,12.475
49005,14.075
49007,14.925
49009,10.9
49011,10.825
49013,14.775
49015,14.1
49017,16.65
49019,15.2
49021,16.625
49023,13.275
49025,13.1
49027,12.2
49029,10.125
49031,16.175
49033,13.95
49035,11.925
49037,19.65
49039,14.525
49041,14.375
49043,10.275
49045,11.05
49047,13.975
49049,12.6
49051,11.3
49053,13.95
49055,15.375
49057,12.25
50001,10.15
50003,12.15
50005,12.275
50007,11.3
50009,13.275
50011,10.325
50013,9.75
50015,12.175
50017,10.825
50019,13.175
50021,11.925
50023,10.95
50025,12.675
50027,11.05
51001,13.7
51003,9.125
51005,11.925
51007,10.8
51009,11.55
51011,12.2
51013,7.5
51015,8.05
51017,9.15
51019,8.5
51021,9.3
51023,7.225
51025,18.55
51027,16.375
51029,14.775
51031,10.8
51033,10.925
51035,10.7
51036,13.85
51037,16.5
51041,8.475
51043,8.3
51045,9.75
51047,8.55
51049,15.875
51051,15.325
51053,13.025
51057,14.15
51059,5.075
51061,6.025
51063,8.675
51065,7.575
51067,10.6
51069,6.475
51071,10
51073,8.3
51075,7.2
51077,12.3
51079,7.675
51081,16.775
51083,15.425
51085,6.7
51087,11.55
51089,14.075
51091,8.85
51093,10.425
51095,8.225
51097,12.05
51099,8.225
51101,9.625
51103,12.375
51105,15.375
51107,3.8
51109,10.025
51111,14.8
51113,9.4
51115,8.475
51117,15.475
51119,9.775
51121,13.325
51125,10.7
51127,6.95
51131,15.7
51133,12.1
51135,16.75
51137,9.175
51139,12.15
51141,12.55
51143,12.425
51145,6.6
51147,15.35
51149,11.525
51153,5.85
51155,11.2
51157,8.55
51159,12.125
51161,8.225
51163,10.075
51165,8.05
51167,12.65
51169,12
51171,8.725
51173,13.025
51175,13.225
51177,8.05
51179,6.475
51181,14
51183,18.175
51185,12.775
51187,8.525
51191,10.625
51193,11.325
51195,15.3
51197,11.8
51199,7.6
51510,9.6
51520,15.025
51530,14.325
51540,15.4
51550,10.625
51570,11.475
51580,13.95
51590,19.675
51595,24.1
51600,4.8
51610,4.85
51620,19.7
51630,14.5
51640,13.7
51650,16.475
51660,14.75
51670,18.175
51678,14.35
51680,17.05
51683,5.25
51685,4.85
51690,20.15
51700,15.875
51710,17.55
51720,17.675
51730,25.475
51735,5.7
51740,18.075
51750,18.775
51760,19.525
51770,16.125
51775,9.925
51790,12.75
51800,12.8
51810,9.725
51820,12.65
51830,14.75
51840,11.325
53001,8.175
53003,13.425
53005,11
53007,10.05
53009,14.8
53011,11.725
53013,13.775
53015,14.725
53017,9.825
53019,18.625
53021,7.9
53023,13.275
53025,10
53027,15.1
53029,11.975
53031,13.575
53033,11.5
53035,11.95
53037,14.85
53039,13.1
53041,14.525
53043,12.75
53045,13.8
53047,14.4
53049,15.425
53051,15.5
53053,13.25
53055,11.3
53057,11.775
53059,13.375
53061,10.65
53063,14.275
53065,14.975
53067,12.4
53069,13.6
53071,11.7
53073,13.25
53075,17.925
53077,10.225
54001,15.25
54003,11.375
54005,16.75
54007,15.35
54009,12.55
54011,15.425
54013,15.85
54015,17.475
54017,11.45
54019,15.325
54021,16.075
54023,12.375
54025,13.85
54027,14.575
54029,13.25
54031,12.025
54033,12.9
54035,12.525
54037,9.65
54039,13.775
54041,15.125
54043,16.875
54045,16.7
54047,21.6
54049,13.075
54051,12.75
54053,14.325
54055,15.65
54057,14.15
54059,19.125
54061,14.225
54063,12.775
54065,10.8
54067,14.25
54069,13
54071,12.6
54073,13.225
54075,13.85
54077,12.175
54079,9.85
54081,14.55
54083,13.6
54085,13.775
54087,16.225
54089,14.9
54091,12.475
54093,12.1
54095,14.5
54097,14.175
54099,14.975
54101,16.9
54103,15.4
54105,14.3
54107,13.4
54109,16.275
55001,11.075
55003,12.075
55005,10.25
55007,10.725
55009,9.3
55011,9.575
55013,11.35
55015,6.75
55017,9.875
55019,9.675
55021,8.6
55023,10.925
55025,9.875
55027,8.825
55029,9.15
55031,12
55033,10.475
55035,10.975
55037,9.425
55039,8.725
55041,12.525
55043,10.9
55045,8.35
55047,9.775
55049,8.725
55051,12.125
55053,10.275
55055,8.525
55057,10.625
55059,10.475
55061,8.125
55063,10.85
55065,8.525
55067,11.75
55069,9.525
55071,9.35
55073,9.2
55075,11.15
55077,9.925
55078,17.925
55079,15.5
55081,10.5
55083,8.55
55085,8.875
55087,8.7
55089,6.825
55091,9.55
55093,9.05
55095,9.4
55097,10.3
55099,10.125
55101,10.3
55103,10.05
55105,10.575
55107,11.525
55109,7.1
55111,9.65
55113,12.65
55115,9.325
55117,8.3
55119,9.6
55121,8.325
55123,10.6
55125,11.675
55127,8.9
55129,10.575
55131,6.875
55133,6.725
55135,9.225
55137,9.175
55139,10.15
55141,9.95
56001,16.05
56003,12.425
56005,11.125
56007,11.575
56009,11.475
56011,10.1
56013,13.95
56015,11.8
56017,13.05
56019,12.45
56021,11.15
56023,11.025
56025,13.1
56027,13.6
56029,11.65
56031,12.575
56033,11.75
56035,10.95
56037,11.1
56039,9.8
56041,13.325
56043,11.7
56045,13.275